Workbook

Sheet 服务排名
A1: 门店名称/考核目标 | B1: 配送问单达成 | C1: 差评率达成 | D1: 配送工单个人有责率达成 | E1: 问单得分 | F1: 差评得分 | G1: 有责率得分 | H1: 综合得分 | I1: 服务排名
A2: 常州盒马鲜生万象城店 | E2: =8-B2 -> 8 | F2: =(2.5-C2)*6 -> 15 | G2: =(D2-0.5)*10 -> -5 | H2: =SUM(E2:G2) -> 18 | I2: 1
A3: 无锡盒马鲜生广益店 | E3: =8-B3 -> 8 | F3: =(2.5-C3)*6 -> 15 | G3: =(D3-0.5)*10 -> -5 | H3: =SUM(E3:G3) -> 18 | I3: 1
A4: 南通盒马鲜生复悦里店 | E4: =8-B4 -> 8 | F4: =(2.5-C4)*6 -> 15 | G4: =(D4-0.5)*10 -> -5 | H4: =SUM(E4:G4) -> 18 | I4: 1
A5: 南通盒马鲜生王府广场店 | E5: =8-B5 -> 8 | F5: =(2.5-C5)*6 -> 15 | G5: =(D5-0.5)*10 -> -5 | H5: =SUM(E5:G5) -> 18 | I5: 1
A6: 南通盒马mini星湖城市广场店 | E6: =8-B6 -> 8 | F6: =(2.5-C6)*6 -> 15 | G6: =(D6-0.5)*10 -> -5 | H6: =SUM(E6:G6) -> 18 | I6: 1
A7: 苏州湖东邻里中心店 | E7: =8-B7 -> 8 | F7: =(2.5-C7)*6 -> 15 | G7: =(D7-0.5)*10 -> -5 | H7: =SUM(E7:G7) -> 18 | I7: 1
A8: 昆山盒马鲜生招商花园店 | E8: =8-B8 -> 8 | F8: =(2.5-C8)*6 -> 15 | G8: =(D8-0.5)*10 -> -5 | H8: =SUM(E8:G8) -> 18 | I8: 1
A9: 南通盒马鲜生海门龙信广场店 | E9: =8-B9 -> 8 | F9: =(2.5-C9)*6 -> 15 | G9: =(D9-0.5)*10 -> -5 | H9: =SUM(E9:G9) -> 18 | I9: 1
A10: 昆山万象汇店 | E10: =8-B10 -> 8 | F10: =(2.5-C10)*6 -> 15 | G10: =(D10-0.5)*10 -> -5 | H10: =SUM(E10:G10) -> 18 | I10: 1
A11: 无锡八佰伴店 | E11: =8-B11 -> 8 | F11: =(2.5-C11)*6 -> 15 | G11: =(D11-0.5)*10 -> -5 | H11: =SUM(E11:G11) -> 18 | I11: 1
A12: 苏州易生活店 | E12: =8-B12 -> 8 | F12: =(2.5-C12)*6 -> 15 | G12: =(D12-0.5)*10 -> -5 | H12: =SUM(E12:G12) -> 18 | I12: 1
A13: 苏州盒马mini石湖金陵广场店 | E13: =8-B13 -> 8 | F13: =(2.5-C13)*6 -> 15 | G13: =(D13-0.5)*10 -> -5 | H13: =SUM(E13:G13) -> 18 | I13: 1
... A21: 苏州悠方店 | E21: =8-B21 -> 8 | F21: =(2.5-C21)*6 -> 15 | G21: =(D21-0.5)*10 -> -5 | H21: =SUM(E21:G21) -> 18 | I21: 1

Sheet 问单展示板
A1: 苏州盛博广场店
A2: {=代码!I1:P1} -> 日期 | B2: sku名称 | C2: 问题原因名称 | D2: app退款原因 | E2: app退款描述 | F2: 淘系主订单id | G2: 配送员名 | H2: 退款凭证 | I2: 是否有责 | J2: 备注 | L2: 图片
A3: {=_xlfn._xlws.SORT(_xlfn._xlws.FILTER(代码!I2:P500,LEN(代码!N2:N500)>0),6,1)} -> 未找到匹配项 | B3: 未找到匹配项 | C3: 未找到匹配项 | D3: 未找到匹配项 | E3: 未找到匹配项 | F3: 未找到匹配项 | G3: 未找到匹配项 | H3: 未找到匹配项 | L3: =IF(OR(LEFT(H3,7)="http://",LEFT(H3,8)="https://"),HYPERLINK(H3,"查看图片"),"")
L4: =IF(OR(LEFT(H4,7)="http://",LEFT(H4,8)="https://"),HYPERLINK(H4,"查看图片"),"")
L5: =IF(OR(LEFT(H5,7)="http://",LEFT(H5,8)="https://"),HYPERLINK(H5,"查看图片"),"")
L6: =IF(OR(LEFT(H6,7)="http://",LEFT(H6,8)="https://"),HYPERLINK(H6,"查看图片"),"")
L7: =IF(OR(LEFT(H7,7)="http://",LEFT(H7,8)="https://"),HYPERLINK(H7,"查看图片"),"")
L8: =IF(OR(LEFT(H8,7)="http://",LEFT(H8,8)="https://"),HYPERLINK(H8,"查看图片"),"")
L9: =IF(OR(LEFT(H9,7)="http://",LEFT(H9,8)="https://"),HYPERLINK(H9,"查看图片"),"")
L10: =IF(OR(LEFT(H10,7)="http://",LEFT(H10,8)="https://"),HYPERLINK(H10,"查看图片"),"")
L11: =IF(OR(LEFT(H11,7)="http://",LEFT(H11,8)="https://"),HYPERLINK(H11,"查看图片"),"")
L12: =IF(OR(LEFT(H12,7)="http://",LEFT(H12,8)="https://"),HYPERLINK(H12,"查看图片"),"")
L13: =IF(OR(LEFT(H13,7)="http://",LEFT(H13,8)="https://"),HYPERLINK(H13,"查看图片"),"")
L14: =IF(OR(LEFT(H14,7)="http://",LEFT(H14,8)="https://"),HYPERLINK(H14,"查看图片"),"")
L15: =IF(OR(LEFT(H15,7)="http://",LEFT(H15,8)="https://"),HYPERLINK(H15,"查看图片"),"")
... L183: =IF(OR(LEFT(H183,7)="http://",LEFT(H183,8)="https://"),HYPERLINK(H183,"查看图片"),"")

Sheet 冷链化冻
A1: =代码!G1 -> 苏州盛博广场冷链化冻核实:
A2: 履约单号： | B2: #VALUE! | D2: ⬅️选择左侧履约单号后面小三角，更新关联订单-商品明细
A3: 商品名称： | B3: {=_xlfn.LET(_xlpm.lookup_value,B2,_xlpm.search_array,问单数据源!BG:BG,_xlpm.condition_array,问单数据源!H:H,_xlpm.return_array,问单数据源!N:N,_xlpm.matches,_xlfn._xlws.FILTER(_xlpm.return_array,(_xlpm.search_array=_xlpm.lookup_value)*(_xlpm.condition_array="冷链商品化冻"),""),_xlfn.TEXTJOIN(CHAR(10),TRUE,_xlpm.matches))} -> #VALUE! | D3: 按需分配可选内容
A4: 订单属性： | D4: 全选-仅复制文字粘贴钉钉即可
A5: 是否化冻问题：
A6: 店仓规范：
A7: 配送规范：
A8: 核实详情：

Sheet 问单数据源

Sheet 代码
A1: {=_xlfn.UNIQUE(_xlfn._xlws.FILTER(问单数据源!AN:AN,问单数据源!AN:AN<>""))} -> #VALUE! | B1: 冷链商品化冻 | C1: 商品名称 | D1: 订单属性 | E1: 是否化冻问题 | F1: 是否规范 | G1: =SUBSTITUTE(问单展示板!A1,"店","冷链化冻核实:") -> 苏州盛博广场冷链化冻核实: | H1: {=TRANSPOSE(_xlfn.UNIQUE(_xlfn._xlws.FILTER(问单数据源!A1:CC1,问单数据源!A1:CC1<>"")))} -> #VALUE! | I1: 日期 | J1: sku名称 | K1: 问题原因名称 | L1: app退款原因 | M1: app退款描述 | N1: 淘系主订单id | O1: 配送员名 | P1: 退款凭证 | Q1: 拣货员名 | R1: 打包员名
B2: {=_xlfn._xlws.FILTER(问单数据源!BG:BG,(问单数据源!H:H=B1)*(问单数据源!AN:AN=问单展示板!A1))} -> #VALUE! | C2: {=_xlfn._xlws.FILTER(问单数据源!N:N,(问单数据源!H:H=B1)*(问单数据源!AN:AN=问单展示板!A1))} -> #VALUE! | D2: 内环 | E2: 是 | F2: 规范 | I2: {=_xlfn.LET(_xlpm.数据源,问单数据源!$A$1:$BZ$10000,_xlpm.标题行,问单数据源!$A$1:$BZ$1,_xlpm.筛选列,MATCH(I1,_xlpm.标题行,0),_xlpm.筛选条件列,问单数据源!$AN$1:$AN$10000,_xlpm.条件值,问单展示板!$A1,_xlpm.匹配数据,INDEX(_xlpm.数据源,,_xlpm.筛选列),IFERROR(_xlfn._xlws.FILTER(_xlpm.匹配数据,_xlpm.筛选条件列=_xlpm.条件值),"未找到匹配项"))} -> 未找到匹配项 | J2: {=_xlfn.LET(_xlpm.数据源,问单数据源!$A$1:$BZ$10000,_xlpm.标题行,问单数据源!$A$1:$BZ$1,_xlpm.筛选列,MATCH(J1,_xlpm.标题行,0),_xlpm.筛选条件列,问单数据源!$AN$1:$AN$10000,_xlpm.条件值,问单展示板!$A1,_xlpm.匹配数据,INDEX(_xlpm.数据源,,_xlpm.筛选列),IFERROR(_xlfn._xlws.FILTER(_xlpm.匹配数据,_xlpm.筛选条件列=_xlpm.条件值),"未找到匹配项"))} -> 未找到匹配项 | K2: {=_xlfn.LET(_xlpm.数据源,问单数据源!$A$1:$BZ$10000,_xlpm.标题行,问单数据源!$A$1:$BZ$1,_xlpm.筛选列,MATCH(K1,_xlpm.标题行,0),_xlpm.筛选条件列,问单数据源!$AN$1:$AN$10000,_xlpm.条件值,问单展示板!$A1,_xlpm.匹配数据,INDEX(_xlpm.数据源,,_xlpm.筛选列),IFERROR(_xlfn._xlws.FILTER(_xlpm.匹配数据,_xlpm.筛选条件列=_xlpm.条件值),"未找到匹配项"))} -> 未找到匹配项 | L2: {=_xlfn.LET(_xlpm.数据源,问单数据源!$A$1:$BZ$10000,_xlpm.标题行,问单数据源!$A$1:$BZ$1,_xlpm.筛选列,MATCH(L1,_xlpm.标题行,0),_xlpm.筛选条件列,问单数据源!$AN$1:$AN$10000,_xlpm.条件值,问单展示板!$A1,_xlpm.匹配数据,INDEX(_xlpm.数据源,,_xlpm.筛选列),IFERROR(_xlfn._xlws.FILTER(_xlpm.匹配数据,_xlpm.筛选条件列=_xlpm.条件值),"未找到匹配项"))} -> 未找到匹配项 | M2: {=_xlfn.LET(_xlpm.数据源,问单数据源!$A$1:$BZ$10000,_xlpm.标题行,问单数据源!$A$1:$BZ$1,_xlpm.筛选列,MATCH(M1,_xlpm.标题行,0),_xlpm.筛选条件列,问单数据源!$AN$1:$AN$10000,_xlpm.条件值,问单展示板!$A1,_xlpm.匹配数据,INDEX(_xlpm.数据源,,_xlpm.筛选列),IFERROR(_xlfn._xlws.FILTER(_xlpm.匹配数据,_xlpm.筛选条件列=_xlpm.条件值),"未找到匹配项"))} -> 未找到匹配项 | N2: {=_xlfn.LET(_xlpm.数据源,问单数据源!$A$1:$BZ$10000,_xlpm.标题行,问单数据源!$A$1:$BZ$1,_xlpm.筛选列,MATCH(N1,_xlpm.标题行,0),_xlpm.筛选条件列,问单数据源!$AN$1:$AN$10000,_xlpm.条件值,问单展示板!$A1,_xlpm.匹配数据,INDEX(_xlpm.数据源,,_xlpm.筛选列),IFERROR(_xlfn._xlws.FILTER(_xlpm.匹配数据,_xlpm.筛选条件列=_xlpm.条件值),"未找到匹配项"))} -> 未找到匹配项 | O2: {=_xlfn.LET(_xlpm.数据源,问单数据源!$A$1:$BZ$10000,_xlpm.标题行,问单数据源!$A$1:$BZ$1,_xlpm.筛选列,MATCH(O1,_xlpm.标题行,0),_xlpm.筛选条件列,问单数据源!$AN$1:$AN$10000,_xlpm.条件值,问单展示板!$A1,_xlpm.匹配数据,INDEX(_xlpm.数据源,,_xlpm.筛选列),IFERROR(_xlfn._xlws.FILTER(_xlpm.匹配数据,_xlpm.筛选条件列=_xlpm.条件值),"未找到匹配项"))} -> 未找到匹配项 | P2: {=_xlfn.LET(_xlpm.数据源,问单数据源!$A$1:$BZ$10000,_xlpm.标题行,问单数据源!$A$1:$BZ$1,_xlpm.筛选列,MATCH(P1,_xlpm.标题行,0),_xlpm.筛选条件列,问单数据源!$AN$1:$AN$10000,_xlpm.条件值,问单展示板!$A1,_xlpm.匹配数据,INDEX(_xlpm.数据源,,_xlpm.筛选列),IFERROR(_xlfn._xlws.FILTER(_xlpm.匹配数据,_xlpm.筛选条件列=_xlpm.条件值),"未找到匹配项"))} -> 未找到匹配项 | ... R2: {=_xlfn.LET(_xlpm.数据源,问单数据源!$A$1:$BZ$10000,_xlpm.标题行,问单数据源!$A$1:$BZ$1,_xlpm.筛选列,MATCH(R1,_xlpm.标题行,0),_xlpm.筛选条件列,问单数据源!$AN$1:$AN$10000,_xlpm.条件值,问单展示板!$A1,_xlpm.匹配数据,INDEX(_xlpm.数据源,,_xlpm.筛选列),IFERROR(_xlfn._xlws.FILTER(_xlpm.匹配数据,_xlpm.筛选条件列=_xlpm.条件值),"未找到匹配项"))} -> 未找到匹配项 | S2: =IF(OR(LEFT(P2,7)="http://",LEFT(P2,8)="https://"),HYPERLINK(P2,"查看图片"),"")
D3: 外环 | E3: 否 | F3: 不规范
D4: 环外
D5: 代购

Sheet 周报
A1: 门店名称 | B1: 配送问单（8） | C1: 差评率（1.5） | D1: 配送一判超时占比 | E1: 配送个人有责率 | F1: 配送落责率 | G1: 冷链商品化冻（0.2） | H1: 突出问题 | I1: 提升干预
A2: 常熟盒马鲜生天虹店
A3: 昆山盒马鲜生招商花园店
A4: 昆山昆城店
A5: 昆山万象汇店
A6: 南通盒马mini星湖城市广场店
A7: 南通盒马鲜生复悦里店
A8: 南通盒马鲜生启东吾悦店
A9: 南通盒马鲜生王府广场店
A10: 南通万象城店
A11: 苏州盒马mini石湖金陵广场店
A12: 苏州盒马鲜生龙湖东吴天街店
A13: 苏州湖东邻里中心店
... A20: 苏南子公司
