Workbook

Sheet 盘点表
A1: =TODAY() -> 46134 | E1: 购物袋差异 | J1: 1.0以下 | K1: 1.0～1.19 | L1: 1.2以上
A2: 单袋比 | B2: 1.2 | C2: 可补数量 | D2: =代码!K1 -> 0 | F2: 超额数量 | G2: =代码!K2 -> 0 | J2: =COUNTIF(G8:G300,"<1.0") -> 0 | K2: =COUNTIFS(G8:G300,">=1.0",G8:G300,"<=1.19") -> 0 | L2: =COUNTIF(G8:G300,">1.2") -> 0
A3: 快速查询
A4: 配送员名字 | B4: 确认申领商品数量 | C4: o2o签收单量 | D4: 今日 已申请 | E4: 今日 配送单 | F4: 需要 申请数量 | G4: 目前 单袋比 | H4: 当前状态 | J4: 反算 | K4: 签收单 | L4: 单袋比
A5: 请输入名字 | B5: {=_xlfn._xlws.FILTER(代码!$B$2:$H$300,代码!$A$2:$A$300=$A5,"")} -> #N/A | J5: 校准 | K5: =(B5+D5+F5)/B2+N("（需补数量+确认数量+当日申请）/单袋比") -> #N/A | L5: =(B5+D5)/(C5+E5) -> #N/A
A7: {=_xlfn._xlws.SORT(_xlfn._xlws.FILTER(代码!A1:H300,代码!F1:F300<>0),6,-1)} -> 配送员名字 | B7: 确认申领商品数量 | C7: o2o签收单量 | D7: 今日 已申请 | E7: 今日 配送单 | F7: 需要 申请数量 | G7: 目前 单袋比 | H7: 当前状态 | J7: {=_xlfn._xlws.SORT(_xlfn._xlws.FILTER(代码!O1:Q200,代码!P1:P200<>0),2,-1)} -> 挂零人员 | K7: 计费单量 | L7: 须补数量

Sheet 配送员履约明细表

Sheet 单袋比导出

Sheet 耗材申请表

Sheet 当前状态

Sheet 单量排行榜

Sheet 代码
A1: 配送员名字 | B1: 确认申领商品数量 | C1: o2o签收单量 | D1: 今日 已申请 | E1: 今日 配送单 | F1: 需要 申请数量 | G1: 目前 单袋比 | H1: 当前状态 | J1: 可补 | K1: =SUMIF(F:F,">1") -> 0 | M1: 当日申请记录 | O1: 挂零人员 | P1: 计费单量 | Q1: 须补数量 | R1: 当前时间 | DK1: 需补:???0;[红色]超标:???0
A2: {=_xlfn.LET(_xlpm.col,INDEX(配送员履约明细表!A3:Z5000,,MATCH(A1,配送员履约明细表!2:2,0)),_xlpm.unique_col,_xlfn.UNIQUE(_xlpm.col),IF(_xlpm.unique_col=0,"",_xlpm.unique_col))} -> #N/A | B2: {=IFERROR(INDEX(单袋比导出!$A$2:$Z$300,MATCH($A$2:$A$300,单袋比导出!$N$2:$N$300,0),MATCH(B$1,单袋比导出!$A$1:$Z$1,0)),"0")} -> 0 | C2: {=SUMIFS(配送员履约明细表!AQ2:AQ5000,配送员履约明细表!J2:J5000,A2:A300)} -> 0 | D2: {=IFERROR(INDEX(N:N,MATCH(A2:A300,M:M,0),{1}),"0")} -> 0 | E2: {=IFERROR(INDEX(单量排行榜!E:E,MATCH(A2:A300,单量排行榜!C:C,0),{1}),"0")} -> 0 | F2: {=IFERROR((C2:C300+E2:E300)*盘点表!$B$2-B2:B300-D2:D300,0)} -> 0 | G2: {=IFERROR((B2:B300+D2:D300)/(E2:E300+C2:C300),0)} -> 0 | H2: {=IFERROR(INDEX(当前状态!G:G,MATCH(A2:A300,当前状态!A:A,0),{1}),"缺勤")} -> 缺勤 | J2: 超标 | K2: =SUMIF(F:F,"<0") -> 0 | M2: {=IF(_xlfn.UNIQUE(耗材申请表!D:D)=0,"",_xlfn.UNIQUE(耗材申请表!D:D))} | N2: 数量 | O2: {=IF(COUNTIF(F2:F300,0)=0,"",_xlfn._xlws.FILTER(A2:A300,F2:F300=0))} -> #N/A | P2: {=SUMIFS(配送员履约明细表!W2:W5000,配送员履约明细表!J2:J5000,O2:O200)} -> 0 | Q2: {=P2:P200*盘点表!B2} -> 0 | R2: =TODAY() -> 46134
B3: 0 | C3: 0 | D3: 0 | E3: 0 | F3: 0 | G3: 0 | H3: 缺勤 | N3: {=SUMIFS(耗材申请表!G:G,耗材申请表!D:D,M3:M300,耗材申请表!H:H,"<>拒绝")} -> 0 | O3: 0 | P3: 0 | Q3: 0
B4: 0 | C4: 0 | D4: 0 | E4: 0 | F4: 0 | G4: 0 | H4: 缺勤 | N4: 0 | O4: 0 | P4: 0 | Q4: 0
B5: 0 | C5: 0 | D5: 0 | E5: 0 | F5: 0 | G5: 0 | H5: 缺勤 | N5: 0 | O5: 0 | P5: 0 | Q5: 0
B6: 0 | C6: 0 | D6: 0 | E6: 0 | F6: 0 | G6: 0 | H6: 缺勤 | N6: 0 | O6: 0 | P6: 0 | Q6: 0
B7: 0 | C7: 0 | D7: 0 | E7: 0 | F7: 0 | G7: 0 | H7: 缺勤 | N7: 0 | O7: 0 | P7: 0 | Q7: 0
B8: 0 | C8: 0 | D8: 0 | E8: 0 | F8: 0 | G8: 0 | H8: 缺勤 | N8: 0 | O8: 0 | P8: 0 | Q8: 0
B9: 0 | C9: 0 | D9: 0 | E9: 0 | F9: 0 | G9: 0 | H9: 缺勤 | N9: 0 | O9: 0 | P9: 0 | Q9: 0
B10: 0 | C10: 0 | D10: 0 | E10: 0 | F10: 0 | G10: 0 | H10: 缺勤 | N10: 0 | O10: 0 | P10: 0 | Q10: 0
B11: 0 | C11: 0 | D11: 0 | E11: 0 | F11: 0 | G11: 0 | H11: 缺勤 | N11: 0 | O11: 0 | P11: 0 | Q11: 0
B12: 0 | C12: 0 | D12: 0 | E12: 0 | F12: 0 | G12: 0 | H12: 缺勤 | N12: 0 | O12: 0 | P12: 0 | Q12: 0
B13: 0 | C13: 0 | D13: 0 | E13: 0 | F13: 0 | G13: 0 | H13: 缺勤 | N13: 0 | O13: 0 | P13: 0 | Q13: 0
B14: 0 | C14: 0 | D14: 0 | E14: 0 | F14: 0 | G14: 0 | H14: 缺勤 | N14: 0 | O14: 0 | P14: 0 | Q14: 0
B15: 0 | C15: 0 | D15: 0 | E15: 0 | F15: 0 | G15: 0 | H15: 缺勤 | N15: 0 | O15: 0 | P15: 0 | Q15: 0
... B200: 0 | C200: 0 | D200: 0 | E200: 0 | F200: 0 | G200: 0 | H200: 缺勤 | N200: 0 | O200: 0 | P200: 0 | Q200: 0
B201: 0 | C201: 0 | D201: 0 | E201: 0 | F201: 0 | G201: 0 | H201: 缺勤 | N201: 0 | O201: 0
B202: 0 | C202: 0 | D202: 0 | E202: 0 | F202: 0 | G202: 0 | H202: 缺勤 | N202: 0 | O202: 0
B203: 0 | C203: 0 | D203: 0 | E203: 0 | F203: 0 | G203: 0 | H203: 缺勤 | N203: 0 | O203: 0
B204: 0 | C204: 0 | D204: 0 | E204: 0 | F204: 0 | G204: 0 | H204: 缺勤 | N204: 0 | O204: 0
B205: 0 | C205: 0 | D205: 0 | E205: 0 | F205: 0 | G205: 0 | H205: 缺勤 | N205: 0 | O205: 0
B206: 0 | C206: 0 | D206: 0 | E206: 0 | F206: 0 | G206: 0 | H206: 缺勤 | N206: 0 | O206: 0
B207: 0 | C207: 0 | D207: 0 | E207: 0 | F207: 0 | G207: 0 | H207: 缺勤 | N207: 0 | O207: 0
B208: 0 | C208: 0 | D208: 0 | E208: 0 | F208: 0 | G208: 0 | H208: 缺勤 | N208: 0 | O208: 0
B209: 0 | C209: 0 | D209: 0 | E209: 0 | F209: 0 | G209: 0 | H209: 缺勤 | N209: 0 | O209: 0
B210: 0 | C210: 0 | D210: 0 | E210: 0 | F210: 0 | G210: 0 | H210: 缺勤 | N210: 0 | O210: 0
B211: 0 | C211: 0 | D211: 0 | E211: 0 | F211: 0 | G211: 0 | H211: 缺勤 | N211: 0 | O211: 0
B212: 0 | C212: 0 | D212: 0 | E212: 0 | F212: 0 | G212: 0 | H212: 缺勤 | N212: 0 | O212: 0
... B300: 0 | C300: 0 | D300: 0 | E300: 0 | F300: 0 | G300: 0 | H300: 缺勤 | N300: 0 | O300: 0

Sheet 月报
A1: 盛博广场 | E1: =TEXT(TODAY(),"yyyy年m月") -> 2026年4月
A2: 电动车 | C2: 电池 | E2: 充电柜11口
A3: 购物袋-实物 | B3: =J14 -> 0 | C3: 购物袋-库存 | D3: =H8 -> 0 | E3: 库存实物 | F3: =I9 -> 0
G4: 库存应有
G5: 类型 | H5: 数量 | I5: 含量 | J5: 包数
G6: 降解 | I6: 500 | J6: =H6/I6 -> 0
G7: 白板 | I7: 1000 | J7: =H7/I7 -> 0
H8: =SUM(H6:H7) -> 0 | J8: =SUM(J6:J7) -> 0
G9: 库存实物差 | I9: =J14-H8 -> 0
G10: 实物数量
G11: 类型 | H11: 数量 | I11: 含量 | J11: 总数
G12: 降解 | I12: 500 | J12: =H12*I12 -> 0
G13: 白板 | I13: 1000 | J13: =H13*I13 -> 0
J14: =SUM(J12:J13) -> 0
