Workbook

Sheet 概览
A1: 跑单明细 | B1: =TODAY() -> 45928 | E1: 订单统计
B2: 完美履约 | C2: 配送SLA | D2: =IF(ISNUMBER(SEARCH("前置仓",A10)),"仓5分钟","仓12分钟") -> 仓12分钟 | E2: =IF(ISNUMBER(SEARCH("前置仓",A10)),"30分钟","40分钟") -> 40分钟 | F2: 强制妥投 | G2: 二次妥投
B3: {=INDEX(数字运营台!$A:$A,MATCH(TRUE,ISNUMBER(SEARCH(B2,数字运营台!$A:$A)),0)+1)} -> #N/A | C3: {=INDEX(数字运营台!$A:$A,MATCH(TRUE,ISNUMBER(SEARCH(C2,数字运营台!$A:$A)),0)+1)} -> #N/A | D3: {=INDEX(数字运营台!$A:$A,MATCH(TRUE,ISNUMBER(SEARCH(D2,数字运营台!$A:$A)),0)+1)} -> #N/A | E3: {=INDEX(数字运营台!$A:$A,MATCH(TRUE,ISNUMBER(SEARCH(E2,数字运营台!$A:$A)),0)+1)} -> #N/A | F3: {=INDEX(数字运营台!$A:$A,MATCH(TRUE,ISNUMBER(SEARCH(F2,数字运营台!$A:$A)),0)+1)} -> #N/A | G3: {=INDEX(数字运营台!$A:$A,MATCH(TRUE,ISNUMBER(SEARCH(G2,数字运营台!$A:$A)),0)+1)} -> #N/A
C4: 出勤 | D4: 订单 | E4: 超时 | F4: 强制妥投 | G4: 二次妥投
B5: 全职 | C5: =COUNTIF(骑手排行榜!$D:$D,B5) -> 0 | D5: =SUMIF(骑手排行榜!$D:$D,$B5,骑手排行榜!$E:$E) -> 0 | E5: =SUMIF(骑手排行榜!$D:$D,$B5,骑手排行榜!J:J) -> 0 | F5: =SUMIF(骑手排行榜!$D:$D,$B5,骑手排行榜!K:K) -> 0 | G5: =SUMIF(骑手排行榜!$D:$D,$B5,骑手排行榜!L:L) -> 0
B6: 盒心全职 | C6: =COUNTIF(骑手排行榜!$D:$D,B6) -> 0 | D6: =SUMIF(骑手排行榜!$D:$D,$B6,骑手排行榜!$E:$E) -> 0 | E6: =SUMIF(骑手排行榜!$D:$D,$B6,骑手排行榜!J:J) -> 0 | F6: =SUMIF(骑手排行榜!$D:$D,$B6,骑手排行榜!K:K) -> 0 | G6: =SUMIF(骑手排行榜!$D:$D,$B6,骑手排行榜!L:L) -> 0
B7: 盒心普通 | C7: =COUNTIF(骑手排行榜!$D:$D,B7) -> 0 | D7: =SUMIF(骑手排行榜!$D:$D,$B7,骑手排行榜!$E:$E) -> 0 | E7: =SUMIF(骑手排行榜!$D:$D,$B7,骑手排行榜!J:J) -> 0 | F7: =SUMIF(骑手排行榜!$D:$D,$B7,骑手排行榜!K:K) -> 0 | G7: =SUMIF(骑手排行榜!$D:$D,$B7,骑手排行榜!L:L) -> 0
B8: 灵活 | C8: =COUNTIF(骑手排行榜!$D:$D,B8) -> 0 | D8: =SUMIF(骑手排行榜!$D:$D,$B8,骑手排行榜!$E:$E) -> 0 | E8: =SUMIF(骑手排行榜!$D:$D,$B8,骑手排行榜!J:J) -> 0 | F8: =SUMIF(骑手排行榜!$D:$D,$B8,骑手排行榜!K:K) -> 0 | G8: =SUMIF(骑手排行榜!$D:$D,$B8,骑手排行榜!L:L) -> 0
B9: 合计 | C9: =SUBTOTAL(9,C5:C8) -> 0 | D9: =SUM(D5:D8) -> 0 | E9: =SUM(E5:E8) -> 0 | F9: =SUM(F5:F8) -> 0 | G9: =SUM(G5:G8) -> 0
A10: =生鲜批次导出!G2 -> 0
A11: {=_xlfn._xlws.SORT(_xlfn._xlws.FILTER(代码池!BR1:BX200,LEN(代码池!BU1:BU200)>0),4,-1)} -> #N/A
A238: =IF(ISBLANK(B238),"",COUNTA($B$12:B238))
A239: =IF(ISBLANK(B239),"",COUNTA($B$12:B239))
A240: =IF(ISBLANK(B240),"",COUNTA($B$12:B240))
A241: =IF(ISBLANK(B241),"",COUNTA($B$12:B241))
A242: =IF(ISBLANK(B242),"",COUNTA($B$12:B242))
A243: =IF(ISBLANK(B243),"",COUNTA($B$12:B243))
A244: =IF(ISBLANK(B244),"",COUNTA($B$12:B244))
A245: =IF(ISBLANK(B245),"",COUNTA($B$12:B245))
A246: =IF(ISBLANK(B246),"",COUNTA($B$12:B246))
A247: =IF(ISBLANK(B247),"",COUNTA($B$12:B247))
A248: =IF(ISBLANK(B248),"",COUNTA($B$12:B248))
A249: =IF(ISBLANK(B249),"",COUNTA($B$12:B249))
A250: =IF(ISBLANK(B250),"",COUNTA($B$12:B250))

Sheet 区块图
A1: 订单分布与区块占比
B2: 总单量 | C2: 有效单 | D2: 取消配送 | E2: 已完成 | F2: {=TRANSPOSE(_xlfn._xlws.FILTER(代码池!CD1:CF24,LEN(代码池!CD1:CD24)>0))} -> 区块
A3: 单量 | B3: =COUNTIF(生鲜批次导出!$H:$H,"*")-1 -> -1 | C3: =COUNTIF(生鲜批次导出!$AB:$AB,"*妥投") -> 0 | D3: =(COUNTIF(生鲜批次导出!$AB:$AB,D2)) -> 0 | E3: =(COUNTIF(生鲜批次导出!$AB:$AB,E2)) -> 0 | F3: 单量
A4: 占比 | B4: 1 | C4: =COUNTIF(生鲜批次导出!$AB:$AB,"*妥投")/(COUNTIF(生鲜批次导出!$AB:$AB,"*")-1) -> 0 | D4: =(COUNTIF(生鲜批次导出!$AB:$AB,D2))/(COUNTIF(生鲜批次导出!$H:$H,"*")-1) -> 0 | E4: =(COUNTIF(生鲜批次导出!$AB:$AB,E2))/(COUNTIF(生鲜批次导出!$H:$H,"*")-1) -> 0 | F4: 占比
A5: 光标放置此处 按键AIT+A
A6: {=_xlfn.LET(_xlpm.数据范围,代码池!CH1:DI200,_xlpm.表头,代码池!CH1:DI1,_xlpm.列数,COLUMNS(_xlpm.数据范围),_xlpm.序列,_xlfn.SEQUENCE(1,_xlpm.列数),_xlpm.是否含表头,--(LEN(TRIM(_xlpm.表头))>0),_xlpm.包含的列,_xlfn._xlws.FILTER(_xlpm.序列,_xlpm.是否含表头),_xlpm.筛选后的数据,_xlfn._xlws.FILTER(_xlpm.数据范围,LEN(代码池!CL1:CL200)>0),_xlpm.清洗后的数据,INDEX(_xlpm.筛选后的数据,_xlfn.SEQUENCE(ROWS(_xlpm.筛选后的数据)),_xlpm.包含的列),_xlfn._xlws.SORT(_xlpm.清洗后的数据,5,-1))} -> #VALUE!

Sheet 小时单
A1: 小时 | D1: 时段单量 | E1: {=_xlfn.BYCOL(E5:T150,_xleta.SUM)} -> 0 | F1: 0 | G1: 0 | H1: 0 | I1: 0 | J1: 0 | K1: 0 | L1: 0 | M1: 0 | N1: 0 | O1: 0 | P1: 0 | Q1: 0 | R1: 0 | S1: 0 | T1: 0
D2: 时段人数 | E2: {=_xlfn.BYCOL(E5:T50,_xlfn.LAMBDA(_xlpm.col,IFERROR(COUNTIF(_xlpm.col,">0"),0)))} -> 0 | F2: 0 | G2: 0 | H2: 0 | I2: 0 | J2: 0 | K2: 0 | L2: 0 | M2: 0 | N2: 0 | O2: 0 | P2: 0 | Q2: 0 | R2: 0 | S2: 0 | T2: 0
D3: 时段效率 | E3: {=IFERROR(E1:T1/E2:T2,"")}
A4: {=_xlfn._xlws.SORT(_xlfn._xlws.FILTER(代码池!I1:AB200,LEN(代码池!I1:I200)>0),1,-1)} -> 单量 | B4: 工时 | C4: 效率 | D4: #VALUE! | E4: 0.29166667 | F4: 0.33333333 | G4: 0.375 | H4: 0.41666667 | I4: 0.45833333 | J4: 0.5 | K4: 0.54166667 | L4: 0.58333333 | M4: 0.625 | N4: 0.66666667 | O4: 0.70833333 | P4: 0.75 | Q4: 0.79166667 | R4: 0.83333333 | S4: 0.875 | T4: 0.91666667

Sheet 半小时
A1: 半小时 | D1: 时段单量 | E1: {=_xlfn.BYCOL(E5:AL150,_xleta.SUM)} -> 0 | F1: 0 | G1: 0 | H1: 0 | I1: 0 | J1: 0 | K1: 0 | L1: 0 | M1: 0 | N1: 0 | O1: 0 | P1: 0 | Q1: 0 | R1: 0 | S1: 0 | T1: 0 | U1: 0 | V1: 0 | W1: 0 | X1: 0 | Y1: 0 | Z1: 0 | AA1: 0 | AB1: 0 | AC1: 0 | AD1: 0 | AE1: 0 | AF1: 0 | AG1: 0 | AH1: 0 | AI1: 0 | AJ1: 0 | AK1: 0 | AL1: 0
D2: 时段人数 | E2: {=_xlfn.BYCOL(E5:AL150,_xlfn.LAMBDA(_xlpm.col,IFERROR(COUNTIF(_xlpm.col,">0"),0)))} -> 0 | F2: 0 | G2: 0 | H2: 0 | I2: 0 | J2: 0 | K2: 0 | L2: 0 | M2: 0 | N2: 0 | O2: 0 | P2: 0 | Q2: 0 | R2: 0 | S2: 0 | T2: 0 | U2: 0 | V2: 0 | W2: 0 | X2: 0 | Y2: 0 | Z2: 0 | AA2: 0 | AB2: 0 | AC2: 0 | AD2: 0 | AE2: 0 | AF2: 0 | AG2: 0 | AH2: 0 | AI2: 0 | AJ2: 0 | AK2: 0 | AL2: 0
D3: 时段效率 | E3: {=IFERROR(E1:AL1/E2:AL2,"")}
A4: {=_xlfn._xlws.SORT(_xlfn._xlws.FILTER(代码池!AE1:BP200,LEN(代码池!AE1:AE200)>0),1,-1)} -> 单量 | B4: 工时 | C4: 效率 | D4: #VALUE! | E4: 0.3125 | F4: 0.33333333 | G4: 0.35416667 | H4: 0.375 | I4: 0.39583333 | J4: 0.41666667 | K4: 0.4375 | L4: 0.45833333 | M4: 0.47916667 | N4: 0.5 | O4: 0.52083333 | P4: 0.54166667 | Q4: 0.5625 | R4: 0.58333333 | S4: 0.60416667 | T4: 0.625 | U4: 0.64583333 | V4: 0.66666667 | W4: 0.6875 | X4: 0.70833333 | Y4: 0.72916667 | Z4: 0.75 | AA4: 0.77083333 | AB4: 0.79166667 | AC4: 0.8125 | AD4: 0.83333333 | AE4: 0.85416667 | AF4: 0.875 | AG4: 0.89583333 | AH4: 0.91666667 | AI4: 0.9375 | AJ4: 早高峰 | AK4: 午高峰 | AL4: 晚高峰

Sheet 新人订单
A1: 姓名 | B1: 单量 | C1: 工作时长 | E1: =生鲜批次导出!G2 -> 0 | F1: =NOW() -> 45928.806 | G1: 履约分析
B2: =IFERROR(VLOOKUP(A2,代码池!G2:K150,3,FALSE),"") | C2: =IFERROR(VLOOKUP(A2,代码池!G:K,4,FALSE),"") | E2: 当前顾客下单量 | F2: {=INDEX(数字运营台!$A:$A,MATCH(TRUE,ISNUMBER(SEARCH(E2,数字运营台!$A:$A)),0)+1)} -> #N/A | G2: 配送完成单量 | H2: {=INDEX(数字运营台!$A:$A,MATCH(TRUE,ISNUMBER(SEARCH(G2,数字运营台!$A:$A)),0)+1)} -> #N/A
B3: =IFERROR(VLOOKUP(A3,代码池!G3:K151,3,FALSE),"") | C3: =IFERROR(VLOOKUP(A3,代码池!G:K,4,FALSE),"") | E3: 完美履约： | F3: =概览!B3 -> #N/A | G3: 配送及时率： | H3: =概览!C3 -> #N/A
B4: =IFERROR(VLOOKUP(A4,代码池!G4:K152,3,FALSE),"") | C4: =IFERROR(VLOOKUP(A4,代码池!G:K,4,FALSE),"") | E4: 强制妥投： | F4: =概览!F3 -> #N/A | G4: 二次妥投 | H4: =概览!G3 -> #N/A
B5: =IFERROR(VLOOKUP(A5,代码池!G5:K153,3,FALSE),"") | C5: =IFERROR(VLOOKUP(A5,代码池!G:K,4,FALSE),"") | E5: 超时： | F5: =概览!E9 -> 0 | G5: 单
B6: =IFERROR(VLOOKUP(A6,代码池!G6:K154,3,FALSE),"") | C6: =IFERROR(VLOOKUP(A6,代码池!G:K,4,FALSE),"") | E6: 早高峰： | F6: =半小时!AJ2 -> 0 | G6: 人
B7: =IFERROR(VLOOKUP(A7,代码池!G7:K155,3,FALSE),"") | C7: =IFERROR(VLOOKUP(A7,代码池!G:K,4,FALSE),"") | E7: 晚高峰： | F7: =半小时!AL2 -> 0 | G7: 人
B8: =IFERROR(VLOOKUP(A8,代码池!G8:K156,3,FALSE),"") | C8: =IFERROR(VLOOKUP(A8,代码池!G:K,4,FALSE),"") | E8: 履约不达标原因：
B9: =IFERROR(VLOOKUP(A9,代码池!G9:K157,3,FALSE),"") | C9: =IFERROR(VLOOKUP(A9,代码池!G:K,4,FALSE),"")
B10: =IFERROR(VLOOKUP(A10,代码池!G10:K158,3,FALSE),"") | C10: =IFERROR(VLOOKUP(A10,代码池!G:K,4,FALSE),"")
B11: =IFERROR(VLOOKUP(A11,代码池!G11:K159,3,FALSE),"") | C11: =IFERROR(VLOOKUP(A11,代码池!G:K,4,FALSE),"")
B12: =IFERROR(VLOOKUP(A12,代码池!G12:K160,3,FALSE),"") | C12: =IFERROR(VLOOKUP(A12,代码池!G:K,4,FALSE),"")
B13: =IFERROR(VLOOKUP(A13,代码池!G13:K161,3,FALSE),"") | C13: =IFERROR(VLOOKUP(A13,代码池!G:K,4,FALSE),"")
B14: =IFERROR(VLOOKUP(A14,代码池!G14:K162,3,FALSE),"") | C14: =IFERROR(VLOOKUP(A14,代码池!G:K,4,FALSE),"")
B15: =IFERROR(VLOOKUP(A15,代码池!G15:K163,3,FALSE),"") | C15: =IFERROR(VLOOKUP(A15,代码池!G:K,4,FALSE),"")
B16: =IFERROR(VLOOKUP(A16,代码池!G16:K164,3,FALSE),"") | C16: =IFERROR(VLOOKUP(A16,代码池!G:K,4,FALSE),"")
B17: =IFERROR(VLOOKUP(A17,代码池!G17:K165,3,FALSE),"") | C17: =IFERROR(VLOOKUP(A17,代码池!G:K,4,FALSE),"")
B18: =IFERROR(VLOOKUP(A18,代码池!G18:K166,3,FALSE),"") | C18: =IFERROR(VLOOKUP(A18,代码池!G:K,4,FALSE),"")
B19: =IFERROR(VLOOKUP(A19,代码池!G19:K167,3,FALSE),"") | C19: =IFERROR(VLOOKUP(A19,代码池!G:K,4,FALSE),"")
B20: =IFERROR(VLOOKUP(A20,代码池!G20:K168,3,FALSE),"") | C20: =IFERROR(VLOOKUP(A20,代码池!G:K,4,FALSE),"")
C21: =IFERROR(VLOOKUP(A21,代码池!G:K,4,FALSE),"")
C22: =IFERROR(VLOOKUP(A22,代码池!G:K,4,FALSE),"")
C23: =IFERROR(VLOOKUP(A23,代码池!G:K,4,FALSE),"")
C24: =IFERROR(VLOOKUP(A24,代码池!G:K,4,FALSE),"")
C25: =IFERROR(VLOOKUP(A25,代码池!G:K,4,FALSE),"")
C26: =IFERROR(VLOOKUP(A26,代码池!G:K,4,FALSE),"")
C27: =IFERROR(VLOOKUP(A27,代码池!G:K,4,FALSE),"")
C28: =IFERROR(VLOOKUP(A28,代码池!G:K,4,FALSE),"")
C29: =IFERROR(VLOOKUP(A29,代码池!G:K,4,FALSE),"")
C30: =IFERROR(VLOOKUP(A30,代码池!G:K,4,FALSE),"")
C31: =IFERROR(VLOOKUP(A31,代码池!G:K,4,FALSE),"")
C32: =IFERROR(VLOOKUP(A32,代码池!G:K,4,FALSE),"")
... C67: =IFERROR(VLOOKUP(A67,代码池!G:K,4,FALSE),"")

Sheet 生鲜批次导出

Sheet 数字运营台

Sheet 骑手排行榜

Sheet 考勤

Sheet 代码池
A1: {=TEXT(生鲜批次导出!X1:X5000,"hh:mm:ss")} -> 00:00:00 | B1: 小时 | C1: 半小时 | D1: 计费区块 | E1: {=_xlfn.XLOOKUP(生鲜批次导出!AD1:AD5000,骑手排行榜!C2:C200,骑手排行榜!D2:D200,"未找到")} -> 0 | F1: 矫正序列 | G1: {=_xlfn.UNIQUE(_xlfn._xlws.FILTER(生鲜批次导出!AD:AD,生鲜批次导出!AD:AD<>""))} -> #VALUE! | H1: 分隔符 | I1: 单量 | J1: 工时 | K1: 效率 | L1: {=_xlfn.UNIQUE(_xlfn._xlws.FILTER(生鲜批次导出!AD:AD,生鲜批次导出!AD:AD<>""))} -> #VALUE! | M1: 0.29166667 | N1: 0.33333333 | O1: 0.375 | P1: 0.41666667 | Q1: 0.45833333 | R1: 0.5 | S1: 0.54166667 | T1: 0.58333333 | U1: 0.625 | V1: 0.66666667 | W1: 0.70833333 | X1: 0.75 | Y1: 0.79166667 | Z1: 0.83333333 | AA1: 0.875 | AB1: 0.91666667 | AC1: 0.95833333 | AD1: 分隔符 | AE1: 单量 | AF1: 工时 | AG1: 效率 | AH1: {=_xlfn.UNIQUE(_xlfn._xlws.FILTER(生鲜批次导出!AD:AD,生鲜批次导出!AD:AD<>""))} -> #VALUE! | AI1: 0.3125 | AJ1: 0.33333333 | AK1: 0.35416667 | AL1: 0.375 | AM1: 0.39583333 | AN1: 0.41666667 | AO1: 0.4375 | AP1: 0.45833333 | AQ1: 0.47916667 | AR1: 0.5 | AS1: 0.52083333 | AT1: 0.54166667 | AU1: 0.5625 | AV1: 0.58333333 | AW1: 0.60416667 | AX1: 0.625 | AY1: 0.64583333 | AZ1: 0.66666667 | BA1: 0.6875 | BB1: 0.70833333 | BC1: 0.72916667 | BD1: 0.75 | BE1: 0.77083333 | BF1: 0.79166667 | BG1: 0.8125 | BH1: 0.83333333 | BI1: 0.85416667 | BJ1: 0.875 | BK1: 0.89583333 | BL1: 0.91666667 | BM1: 0.9375 | BN1: 早高峰 | BO1: 午高峰 | BP1: 晚高峰 | BQ1: 分隔符 | BR1: 排名 | BS1: 姓名 | BT1: 类型 | BU1: 妥投数量 | BV1: 超时 | BW1: 强制妥投 | BX1: 二次妥投 | BY1: 分隔符 | BZ1: 考勤骑手.配送员姓名 | CA1: 配送班次.班次开始时间 | CB1: 配送班次.班次结束时间 | CC1: 分隔符 | CD1: 区块 | CE1: 单量 | CF1: 占比 | CG1: 分隔符 | CH1: 内环 | CI1: 外环 | CJ1: 环外 | CK1: 配送员类型 | CL1: 单量 | CM1: {=_xlfn.UNIQUE(_xlfn._xlws.FILTER(生鲜批次导出!AD:AD,生鲜批次导出!AD:AD<>""))} -> #VALUE! | CN1: {=_xlfn.LET(_xlpm.data_range,区块划分表!B4:D30,_xlpm.is_empty,AND(LEN(_xlfn.TEXTJOIN("",TRUE,_xlpm.data_range))=0),_xlpm.result1,INDEX(_xlfn._xlws.SORT(_xlfn._xlws.FILTER(_xlpm.data_range,LEN(INDEX(_xlpm.data_range,,3))>0),3,1),,1),_xlpm.col_A,区块划分表!A4:A30,_xlpm.match_result,_xlfn.BYROW(_xlpm.col_A,_xlfn.LAMBDA(_xlpm.row,IF(ISNUMBER(SEARCH("内环",_xlpm.row)),"内环",IF(ISNUMBER(SEARCH("外环",_xlpm.row)),"外环",IF(ISNUMBER(SEARCH("环外",_xlpm.row)),"环外",""))))),_xlpm.sort_key,IF(_xlpm.match_result="内环",1,IF(_xlpm.match_result="外环",2,IF(_xlpm.match_result="环外",3,4))),_xlpm.sorted_result,_xlfn.SORTBY(_xlpm.col_A,_xlpm.sort_key,1),_xlpm.result2,IF(_xlpm.sorted_result=0,"",_xlpm.sorted_result),_xlpm.final_result,IF(NOT(_xlpm.is_empty),_xlpm.result1,_xlpm.result2),TRANSPOSE(_xlfn.TOCOL(_xlpm.final_result,2)))}
A2: 00:00:00 | B2: {=MROUND(A2:A5000,60/1440)} -> 0 | C2: {=MROUND(A2:A5000,30/1440)} -> 0 | D2: {=_xlfn.LET(_xlpm.lookup_array,生鲜批次导出!H2:H5000,_xlpm.search_array1,区块划分表!B4:B30,_xlpm.return_array1,区块划分表!C4:C30,_xlpm.search_array2,生鲜批次导出!H2:H5000,IF(AND(ISBLANK(_xlpm.search_array1)),IF(ISNUMBER(SEARCH("内环",_xlpm.search_array2)),"内环",IF(ISNUMBER(SEARCH("外环",_xlpm.search_array2)),"外环",IF(ISNUMBER(SEARCH("环外",_xlpm.search_array2)),"环外","未匹配"))),_xlfn.XLOOKUP(_xlpm.lookup_array,_xlpm.search_array1,_xlpm.return_array1,"未找到")))} -> 未匹配 | E2: 0 | F2: {=_xlfn.LET(_xlpm.data_range,区块划分表!B4:D30,_xlpm.is_empty,AND(LEN(_xlfn.TEXTJOIN("",TRUE,_xlpm.data_range))=0),_xlpm.result1,INDEX(_xlfn._xlws.SORT(_xlfn._xlws.FILTER(_xlpm.data_range,LEN(INDEX(_xlpm.data_range,,3))>0),3,1),,1),_xlpm.col_A,区块划分表!A4:A30,_xlpm.match_result,_xlfn.BYROW(_xlpm.col_A,_xlfn.LAMBDA(_xlpm.row,IF(ISNUMBER(SEARCH("内环",_xlpm.row)),"内环",IF(ISNUMBER(SEARCH("外环",_xlpm.row)),"外环",IF(ISNUMBER(SEARCH("环外",_xlpm.row)),"环外",""))))),_xlpm.sort_key,IF(_xlpm.match_result="内环",1,IF(_xlpm.match_result="外环",2,IF(_xlpm.match_result="环外",3,4))),_xlpm.sorted_result,_xlfn.SORTBY(_xlpm.col_A,_xlpm.sort_key,1),_xlpm.result2,IF(_xlpm.sorted_result=0,"",_xlpm.sorted_result),IF(NOT(_xlpm.is_empty),_xlpm.result1,_xlpm.result2))} | I2: {=IF(_xlfn.BYROW(M2:AC200,_xlfn.LAMBDA(_xlpm.row,SUM(_xlpm.row)))=0,"",_xlfn.BYROW(M2:AC200,_xlfn.LAMBDA(_xlpm.row,SUM(_xlpm.row))))} | J2: {=_xlfn.BYROW(M2:AC200,_xlfn.LAMBDA(_xlpm.row,COUNTIF(_xlpm.row,">0")))} -> 0 | K2: {=IFERROR(I2:I200/J2:J200,0)} -> 0 | M2: {=COUNTIFS(生鲜批次导出!$AD:$AD,$L2:L200,$B:$B,M$1:AC1)} -> 0 | N2: 0 | O2: 0 | P2: 0 | Q2: 0 | R2: 0 | S2: 0 | T2: 0 | U2: 0 | V2: 0 | W2: 0 | X2: 0 | Y2: 0 | Z2: 0 | AA2: 0 | AB2: 0 | AC2: 0 | AE2: {=IF(_xlfn.BYROW(AI2:BM200,_xlfn.LAMBDA(_xlpm.row,SUM(_xlpm.row)))=0,"",_xlfn.BYROW(AI2:BM200,_xlfn.LAMBDA(_xlpm.row,SUM(_xlpm.row))))} | AF2: {=_xlfn.BYROW(AI2:BM200,_xlfn.LAMBDA(_xlpm.row,COUNTIF(_xlpm.row,">0")))/2} -> 0 | AG2: {=AE2:AE200/(AF2:AF200*2)} -> #VALUE! | AI2: {=COUNTIFS(生鲜批次导出!$AD:$AD,AH2:AH200,C:C,AI$1:BM1)} -> 0 | AJ2: 0 | AK2: 0 | AL2: 0 | AM2: 0 | AN2: 0 | AO2: 0 | AP2: 0 | AQ2: 0 | AR2: 0 | AS2: 0 | AT2: 0 | AU2: 0 | AV2: 0 | AW2: 0 | AX2: 0 | AY2: 0 | AZ2: 0 | BA2: 0 | BB2: 0 | BC2: 0 | BD2: 0 | BE2: 0 | BF2: 0 | BG2: 0 | BH2: 0 | BI2: 0 | BJ2: 0 | BK2: 0 | BL2: 0 | BM2: 0 | BN2: {=_xlfn.MAKEARRAY(ROWS(AI2:AI200),3,_xlfn.LAMBDA(_xlpm.r,_xlpm.c,_xlfn.SWITCH(_xlpm.c,1,SUM(INDEX(AI2:BL200,_xlpm.r,_xlfn.SEQUENCE(1,9,COLUMN(AI1)-MIN(COLUMN(AI2:BL2))+1))),2,SUM(INDEX(AI2:BL200,_xlpm.r,_xlfn.SEQUENCE(1,9,COLUMN(AR1)-MIN(COLUMN(AI2:BL2))+1))),3,SUM(INDEX(AI2:BL200,_xlpm.r,_xlfn.SEQUENCE(1,12,COLUMN(BA1)-MIN(COLUMN(AI2:BL2))+1))))))} -> 0 | BO2: 0 | BP2: 0 | BR2: {=IFERROR(_xlfn.RANK.EQ(BU2:BU200,$BU$2:BU200,0),"")} | BS2: {=INDEX(骑手排行榜!$A$2:$S$200,0,MATCH("*"&BS1&"*",骑手排行榜!$A$1:$S$1,0))} -> #N/A | BT2: {=INDEX(骑手排行榜!$A$2:$S$200,0,MATCH("*"&BT1&"*",骑手排行榜!$A$1:$S$1,0))} -> #N/A | BU2: {=_xlfn.LET(_xlpm.result,INDEX(骑手排行榜!$A$2:$S$200,0,MATCH("*"&BU1&"*",骑手排行榜!$A$1:$S$1,0)),IF(_xlpm.result=0,"",_xlpm.result))} -> #N/A | BV2: {=INDEX(骑手排行榜!$A$2:$S$200,0,MATCH("*"&BV1&"*",骑手排行榜!$A$1:$S$1,0))} -> #N/A | BW2: {=INDEX(骑手排行榜!$A$2:$S$200,0,MATCH("*"&BW1&"*",骑手排行榜!$A$1:$S$1,0))} -> #N/A | BX2: {=INDEX(骑手排行榜!$A$2:$S$200,0,MATCH("*"&BX1&"*",骑手排行榜!$A$1:$S$1,0))} -> #N/A | BZ2: {=_xlfn._xlws.FILTER(_xlfn.HSTACK(考勤!L:L,IF(考勤!N:N="","",DATEVALUE(考勤!N:N)+TIMEVALUE(考勤!N:N)),IF(考勤!M:M="","",DATEVALUE(考勤!M:M)+TIMEVALUE(考勤!M:M))),(考勤!O:O=0)*(考勤!O:O<>""),"没有找到")} -> 没有找到 | CD2: {=_xlfn.LET(_xlpm.data_range,区块划分表!B4:D30,_xlpm.is_empty,AND(LEN(_xlfn.TEXTJOIN("",TRUE,_xlpm.data_range))=0),_xlpm.result1,INDEX(_xlfn._xlws.SORT(_xlfn._xlws.FILTER(_xlpm.data_range,LEN(INDEX(_xlpm.data_range,,3))>0),3,1),,1),_xlpm.col_A,区块划分表!A4:A30,_xlpm.match_result,_xlfn.BYROW(_xlpm.col_A,_xlfn.LAMBDA(_xlpm.row,IF(ISNUMBER(SEARCH("内环",_xlpm.row)),"内环",IF(ISNUMBER(SEARCH("外环",_xlpm.row)),"外环",IF(ISNUMBER(SEARCH("环外",_xlpm.row)),"环外",""))))),_xlpm.sort_key,IF(_xlpm.match_result="内环",1,IF(_xlpm.match_result="外环",2,IF(_xlpm.match_result="环外",3,4))),_xlpm.sorted_result,_xlfn.SORTBY(_xlpm.col_A,_xlpm.sort_key,1),_xlpm.result2,IF(_xlpm.sorted_result=0,"",_xlpm.sorted_result),_xlpm.final_result,IF(NOT(_xlpm.is_empty),_xlpm.result1,_xlpm.result2),_xlfn.TOCOL(_xlpm.final_result,2))} | CE2: {=_xlfn.LET(_xlpm.values,CD2:CD24,IF(_xlpm.values="","",COUNTIF(生鲜批次导出!$H:$H,_xlpm.values)))} | CF2: {=_xlfn.LET(_xlpm.values,CD2:CD24,_xlpm.counts,COUNTIF(生鲜批次导出!$H:$H,_xlpm.values),_xlpm.total,COUNTIF(生鲜批次导出!$H:$H,"*")-1,IF(_xlpm.values="","",_xlpm.counts/_xlpm.total))} | CH2: {=COUNTIFS(生鲜批次导出!$AD:$AD,$CM2:$CM200,$D:$D,CH1)} -> 0 | CI2: {=COUNTIFS(生鲜批次导出!$AD:$AD,$CM2:$CM200,$D:$D,CI1)} -> 0 | CJ2: {=COUNTIFS(生鲜批次导出!$AD:$AD,$CM2:$CM200,$D:$D,CJ1)} -> 0 | CK2: {=IFERROR(VLOOKUP(CM2:CM200,骑手排行榜!$C:$G,2,FALSE),"")} | CL2: {=IF(COUNTIFS(生鲜批次导出!$AD:$AD,$CM2:$CM200,$D:$D,"*")=0,"",COUNTIFS(生鲜批次导出!$AD:$AD,$CM2:$CM200,$D:$D,"*"))} | CN2: {=COUNTIFS(生鲜批次导出!$AD:$AD,CM2:CM200,生鲜批次导出!$H:$H,CN$1:DI1)} -> 0 | CO2: 0 | CP2: 0 | CQ2: 0 | CR2: 0 | CS2: 0 | CT2: 0 | CU2: 0 | CV2: 0 | CW2: 0 | CX2: 0 | CY2: 0 | CZ2: 0 | DA2: 0 | DB2: 0 | DC2: 0 | DD2: 0 | DE2: 0 | DF2: 0 | DG2: 0 | DH2: 0 | DI2: 0
A3: 00:00:00 | B3: 0 | C3: 0 | D3: 未匹配 | E3: 0 | J3: 0 | K3: 0 | M3: 0 | N3: 0 | O3: 0 | P3: 0 | Q3: 0 | R3: 0 | S3: 0 | T3: 0 | U3: 0 | V3: 0 | W3: 0 | X3: 0 | Y3: 0 | Z3: 0 | AA3: 0 | AB3: 0 | AC3: 0 | AF3: 0 | AG3: #VALUE! | AI3: 0 | AJ3: 0 | AK3: 0 | AL3: 0 | AM3: 0 | AN3: 0 | AO3: 0 | AP3: 0 | AQ3: 0 | AR3: 0 | AS3: 0 | AT3: 0 | AU3: 0 | AV3: 0 | AW3: 0 | AX3: 0 | AY3: 0 | AZ3: 0 | BA3: 0 | BB3: 0 | BC3: 0 | BD3: 0 | BE3: 0 | BF3: 0 | BG3: 0 | BH3: 0 | BI3: 0 | BJ3: 0 | BK3: 0 | BL3: 0 | BM3: 0 | BN3: 0 | BO3: 0 | BP3: 0 | CH3: 0 | CI3: 0 | CJ3: 0 | CN3: 0 | CO3: 0 | CP3: 0 | CQ3: 0 | CR3: 0 | CS3: 0 | CT3: 0 | CU3: 0 | CV3: 0 | CW3: 0 | CX3: 0 | CY3: 0 | CZ3: 0 | DA3: 0 | DB3: 0 | DC3: 0 | DD3: 0 | DE3: 0 | DF3: 0 | DG3: 0 | DH3: 0 | DI3: 0
A4: 00:00:00 | B4: 0 | C4: 0 | D4: 未匹配 | E4: 0 | J4: 0 | K4: 0 | M4: 0 | N4: 0 | O4: 0 | P4: 0 | Q4: 0 | R4: 0 | S4: 0 | T4: 0 | U4: 0 | V4: 0 | W4: 0 | X4: 0 | Y4: 0 | Z4: 0 | AA4: 0 | AB4: 0 | AC4: 0 | AF4: 0 | AG4: #VALUE! | AI4: 0 | AJ4: 0 | AK4: 0 | AL4: 0 | AM4: 0 | AN4: 0 | AO4: 0 | AP4: 0 | AQ4: 0 | AR4: 0 | AS4: 0 | AT4: 0 | AU4: 0 | AV4: 0 | AW4: 0 | AX4: 0 | AY4: 0 | AZ4: 0 | BA4: 0 | BB4: 0 | BC4: 0 | BD4: 0 | BE4: 0 | BF4: 0 | BG4: 0 | BH4: 0 | BI4: 0 | BJ4: 0 | BK4: 0 | BL4: 0 | BM4: 0 | BN4: 0 | BO4: 0 | BP4: 0 | CH4: 0 | CI4: 0 | CJ4: 0 | CN4: 0 | CO4: 0 | CP4: 0 | CQ4: 0 | CR4: 0 | CS4: 0 | CT4: 0 | CU4: 0 | CV4: 0 | CW4: 0 | CX4: 0 | CY4: 0 | CZ4: 0 | DA4: 0 | DB4: 0 | DC4: 0 | DD4: 0 | DE4: 0 | DF4: 0 | DG4: 0 | DH4: 0 | DI4: 0
A5: 00:00:00 | B5: 0 | C5: 0 | D5: 未匹配 | E5: 0 | J5: 0 | K5: 0 | M5: 0 | N5: 0 | O5: 0 | P5: 0 | Q5: 0 | R5: 0 | S5: 0 | T5: 0 | U5: 0 | V5: 0 | W5: 0 | X5: 0 | Y5: 0 | Z5: 0 | AA5: 0 | AB5: 0 | AC5: 0 | AF5: 0 | AG5: #VALUE! | AI5: 0 | AJ5: 0 | AK5: 0 | AL5: 0 | AM5: 0 | AN5: 0 | AO5: 0 | AP5: 0 | AQ5: 0 | AR5: 0 | AS5: 0 | AT5: 0 | AU5: 0 | AV5: 0 | AW5: 0 | AX5: 0 | AY5: 0 | AZ5: 0 | BA5: 0 | BB5: 0 | BC5: 0 | BD5: 0 | BE5: 0 | BF5: 0 | BG5: 0 | BH5: 0 | BI5: 0 | BJ5: 0 | BK5: 0 | BL5: 0 | BM5: 0 | BN5: 0 | BO5: 0 | BP5: 0 | CH5: 0 | CI5: 0 | CJ5: 0 | CN5: 0 | CO5: 0 | CP5: 0 | CQ5: 0 | CR5: 0 | CS5: 0 | CT5: 0 | CU5: 0 | CV5: 0 | CW5: 0 | CX5: 0 | CY5: 0 | CZ5: 0 | DA5: 0 | DB5: 0 | DC5: 0 | DD5: 0 | DE5: 0 | DF5: 0 | DG5: 0 | DH5: 0 | DI5: 0
A6: 00:00:00 | B6: 0 | C6: 0 | D6: 未匹配 | E6: 0 | J6: 0 | K6: 0 | M6: 0 | N6: 0 | O6: 0 | P6: 0 | Q6: 0 | R6: 0 | S6: 0 | T6: 0 | U6: 0 | V6: 0 | W6: 0 | X6: 0 | Y6: 0 | Z6: 0 | AA6: 0 | AB6: 0 | AC6: 0 | AF6: 0 | AG6: #VALUE! | AI6: 0 | AJ6: 0 | AK6: 0 | AL6: 0 | AM6: 0 | AN6: 0 | AO6: 0 | AP6: 0 | AQ6: 0 | AR6: 0 | AS6: 0 | AT6: 0 | AU6: 0 | AV6: 0 | AW6: 0 | AX6: 0 | AY6: 0 | AZ6: 0 | BA6: 0 | BB6: 0 | BC6: 0 | BD6: 0 | BE6: 0 | BF6: 0 | BG6: 0 | BH6: 0 | BI6: 0 | BJ6: 0 | BK6: 0 | BL6: 0 | BM6: 0 | BN6: 0 | BO6: 0 | BP6: 0 | CH6: 0 | CI6: 0 | CJ6: 0 | CN6: 0 | CO6: 0 | CP6: 0 | CQ6: 0 | CR6: 0 | CS6: 0 | CT6: 0 | CU6: 0 | CV6: 0 | CW6: 0 | CX6: 0 | CY6: 0 | CZ6: 0 | DA6: 0 | DB6: 0 | DC6: 0 | DD6: 0 | DE6: 0 | DF6: 0 | DG6: 0 | DH6: 0 | DI6: 0
A7: 00:00:00 | B7: 0 | C7: 0 | D7: 未匹配 | E7: 0 | J7: 0 | K7: 0 | M7: 0 | N7: 0 | O7: 0 | P7: 0 | Q7: 0 | R7: 0 | S7: 0 | T7: 0 | U7: 0 | V7: 0 | W7: 0 | X7: 0 | Y7: 0 | Z7: 0 | AA7: 0 | AB7: 0 | AC7: 0 | AF7: 0 | AG7: #VALUE! | AI7: 0 | AJ7: 0 | AK7: 0 | AL7: 0 | AM7: 0 | AN7: 0 | AO7: 0 | AP7: 0 | AQ7: 0 | AR7: 0 | AS7: 0 | AT7: 0 | AU7: 0 | AV7: 0 | AW7: 0 | AX7: 0 | AY7: 0 | AZ7: 0 | BA7: 0 | BB7: 0 | BC7: 0 | BD7: 0 | BE7: 0 | BF7: 0 | BG7: 0 | BH7: 0 | BI7: 0 | BJ7: 0 | BK7: 0 | BL7: 0 | BM7: 0 | BN7: 0 | BO7: 0 | BP7: 0 | CH7: 0 | CI7: 0 | CJ7: 0 | CN7: 0 | CO7: 0 | CP7: 0 | CQ7: 0 | CR7: 0 | CS7: 0 | CT7: 0 | CU7: 0 | CV7: 0 | CW7: 0 | CX7: 0 | CY7: 0 | CZ7: 0 | DA7: 0 | DB7: 0 | DC7: 0 | DD7: 0 | DE7: 0 | DF7: 0 | DG7: 0 | DH7: 0 | DI7: 0
A8: 00:00:00 | B8: 0 | C8: 0 | D8: 未匹配 | E8: 0 | J8: 0 | K8: 0 | M8: 0 | N8: 0 | O8: 0 | P8: 0 | Q8: 0 | R8: 0 | S8: 0 | T8: 0 | U8: 0 | V8: 0 | W8: 0 | X8: 0 | Y8: 0 | Z8: 0 | AA8: 0 | AB8: 0 | AC8: 0 | AF8: 0 | AG8: #VALUE! | AI8: 0 | AJ8: 0 | AK8: 0 | AL8: 0 | AM8: 0 | AN8: 0 | AO8: 0 | AP8: 0 | AQ8: 0 | AR8: 0 | AS8: 0 | AT8: 0 | AU8: 0 | AV8: 0 | AW8: 0 | AX8: 0 | AY8: 0 | AZ8: 0 | BA8: 0 | BB8: 0 | BC8: 0 | BD8: 0 | BE8: 0 | BF8: 0 | BG8: 0 | BH8: 0 | BI8: 0 | BJ8: 0 | BK8: 0 | BL8: 0 | BM8: 0 | BN8: 0 | BO8: 0 | BP8: 0 | CH8: 0 | CI8: 0 | CJ8: 0 | CN8: 0 | CO8: 0 | CP8: 0 | CQ8: 0 | CR8: 0 | CS8: 0 | CT8: 0 | CU8: 0 | CV8: 0 | CW8: 0 | CX8: 0 | CY8: 0 | CZ8: 0 | DA8: 0 | DB8: 0 | DC8: 0 | DD8: 0 | DE8: 0 | DF8: 0 | DG8: 0 | DH8: 0 | DI8: 0
A9: 00:00:00 | B9: 0 | C9: 0 | D9: 未匹配 | E9: 0 | J9: 0 | K9: 0 | M9: 0 | N9: 0 | O9: 0 | P9: 0 | Q9: 0 | R9: 0 | S9: 0 | T9: 0 | U9: 0 | V9: 0 | W9: 0 | X9: 0 | Y9: 0 | Z9: 0 | AA9: 0 | AB9: 0 | AC9: 0 | AF9: 0 | AG9: #VALUE! | AI9: 0 | AJ9: 0 | AK9: 0 | AL9: 0 | AM9: 0 | AN9: 0 | AO9: 0 | AP9: 0 | AQ9: 0 | AR9: 0 | AS9: 0 | AT9: 0 | AU9: 0 | AV9: 0 | AW9: 0 | AX9: 0 | AY9: 0 | AZ9: 0 | BA9: 0 | BB9: 0 | BC9: 0 | BD9: 0 | BE9: 0 | BF9: 0 | BG9: 0 | BH9: 0 | BI9: 0 | BJ9: 0 | BK9: 0 | BL9: 0 | BM9: 0 | BN9: 0 | BO9: 0 | BP9: 0 | CH9: 0 | CI9: 0 | CJ9: 0 | CN9: 0 | CO9: 0 | CP9: 0 | CQ9: 0 | CR9: 0 | CS9: 0 | CT9: 0 | CU9: 0 | CV9: 0 | CW9: 0 | CX9: 0 | CY9: 0 | CZ9: 0 | DA9: 0 | DB9: 0 | DC9: 0 | DD9: 0 | DE9: 0 | DF9: 0 | DG9: 0 | DH9: 0 | DI9: 0
A10: 00:00:00 | B10: 0 | C10: 0 | D10: 未匹配 | E10: 0 | J10: 0 | K10: 0 | M10: 0 | N10: 0 | O10: 0 | P10: 0 | Q10: 0 | R10: 0 | S10: 0 | T10: 0 | U10: 0 | V10: 0 | W10: 0 | X10: 0 | Y10: 0 | Z10: 0 | AA10: 0 | AB10: 0 | AC10: 0 | AF10: 0 | AG10: #VALUE! | AI10: 0 | AJ10: 0 | AK10: 0 | AL10: 0 | AM10: 0 | AN10: 0 | AO10: 0 | AP10: 0 | AQ10: 0 | AR10: 0 | AS10: 0 | AT10: 0 | AU10: 0 | AV10: 0 | AW10: 0 | AX10: 0 | AY10: 0 | AZ10: 0 | BA10: 0 | BB10: 0 | BC10: 0 | BD10: 0 | BE10: 0 | BF10: 0 | BG10: 0 | BH10: 0 | BI10: 0 | BJ10: 0 | BK10: 0 | BL10: 0 | BM10: 0 | BN10: 0 | BO10: 0 | BP10: 0 | CH10: 0 | CI10: 0 | CJ10: 0 | CN10: 0 | CO10: 0 | CP10: 0 | CQ10: 0 | CR10: 0 | CS10: 0 | CT10: 0 | CU10: 0 | CV10: 0 | CW10: 0 | CX10: 0 | CY10: 0 | CZ10: 0 | DA10: 0 | DB10: 0 | DC10: 0 | DD10: 0 | DE10: 0 | DF10: 0 | DG10: 0 | DH10: 0 | DI10: 0
A11: 00:00:00 | B11: 0 | C11: 0 | D11: 未匹配 | E11: 0 | J11: 0 | K11: 0 | M11: 0 | N11: 0 | O11: 0 | P11: 0 | Q11: 0 | R11: 0 | S11: 0 | T11: 0 | U11: 0 | V11: 0 | W11: 0 | X11: 0 | Y11: 0 | Z11: 0 | AA11: 0 | AB11: 0 | AC11: 0 | AF11: 0 | AG11: #VALUE! | AI11: 0 | AJ11: 0 | AK11: 0 | AL11: 0 | AM11: 0 | AN11: 0 | AO11: 0 | AP11: 0 | AQ11: 0 | AR11: 0 | AS11: 0 | AT11: 0 | AU11: 0 | AV11: 0 | AW11: 0 | AX11: 0 | AY11: 0 | AZ11: 0 | BA11: 0 | BB11: 0 | BC11: 0 | BD11: 0 | BE11: 0 | BF11: 0 | BG11: 0 | BH11: 0 | BI11: 0 | BJ11: 0 | BK11: 0 | BL11: 0 | BM11: 0 | BN11: 0 | BO11: 0 | BP11: 0 | CH11: 0 | CI11: 0 | CJ11: 0 | CN11: 0 | CO11: 0 | CP11: 0 | CQ11: 0 | CR11: 0 | CS11: 0 | CT11: 0 | CU11: 0 | CV11: 0 | CW11: 0 | CX11: 0 | CY11: 0 | CZ11: 0 | DA11: 0 | DB11: 0 | DC11: 0 | DD11: 0 | DE11: 0 | DF11: 0 | DG11: 0 | DH11: 0 | DI11: 0
A12: 00:00:00 | B12: 0 | C12: 0 | D12: 未匹配 | E12: 0 | J12: 0 | K12: 0 | M12: 0 | N12: 0 | O12: 0 | P12: 0 | Q12: 0 | R12: 0 | S12: 0 | T12: 0 | U12: 0 | V12: 0 | W12: 0 | X12: 0 | Y12: 0 | Z12: 0 | AA12: 0 | AB12: 0 | AC12: 0 | AF12: 0 | AG12: #VALUE! | AI12: 0 | AJ12: 0 | AK12: 0 | AL12: 0 | AM12: 0 | AN12: 0 | AO12: 0 | AP12: 0 | AQ12: 0 | AR12: 0 | AS12: 0 | AT12: 0 | AU12: 0 | AV12: 0 | AW12: 0 | AX12: 0 | AY12: 0 | AZ12: 0 | BA12: 0 | BB12: 0 | BC12: 0 | BD12: 0 | BE12: 0 | BF12: 0 | BG12: 0 | BH12: 0 | BI12: 0 | BJ12: 0 | BK12: 0 | BL12: 0 | BM12: 0 | BN12: 0 | BO12: 0 | BP12: 0 | CH12: 0 | CI12: 0 | CJ12: 0 | CN12: 0 | CO12: 0 | CP12: 0 | CQ12: 0 | CR12: 0 | CS12: 0 | CT12: 0 | CU12: 0 | CV12: 0 | CW12: 0 | CX12: 0 | CY12: 0 | CZ12: 0 | DA12: 0 | DB12: 0 | DC12: 0 | DD12: 0 | DE12: 0 | DF12: 0 | DG12: 0 | DH12: 0 | DI12: 0
A13: 00:00:00 | B13: 0 | C13: 0 | D13: 未匹配 | E13: 0 | J13: 0 | K13: 0 | M13: 0 | N13: 0 | O13: 0 | P13: 0 | Q13: 0 | R13: 0 | S13: 0 | T13: 0 | U13: 0 | V13: 0 | W13: 0 | X13: 0 | Y13: 0 | Z13: 0 | AA13: 0 | AB13: 0 | AC13: 0 | AF13: 0 | AG13: #VALUE! | AI13: 0 | AJ13: 0 | AK13: 0 | AL13: 0 | AM13: 0 | AN13: 0 | AO13: 0 | AP13: 0 | AQ13: 0 | AR13: 0 | AS13: 0 | AT13: 0 | AU13: 0 | AV13: 0 | AW13: 0 | AX13: 0 | AY13: 0 | AZ13: 0 | BA13: 0 | BB13: 0 | BC13: 0 | BD13: 0 | BE13: 0 | BF13: 0 | BG13: 0 | BH13: 0 | BI13: 0 | BJ13: 0 | BK13: 0 | BL13: 0 | BM13: 0 | BN13: 0 | BO13: 0 | BP13: 0 | CH13: 0 | CI13: 0 | CJ13: 0 | CN13: 0 | CO13: 0 | CP13: 0 | CQ13: 0 | CR13: 0 | CS13: 0 | CT13: 0 | CU13: 0 | CV13: 0 | CW13: 0 | CX13: 0 | CY13: 0 | CZ13: 0 | DA13: 0 | DB13: 0 | DC13: 0 | DD13: 0 | DE13: 0 | DF13: 0 | DG13: 0 | DH13: 0 | DI13: 0
A14: 00:00:00 | B14: 0 | C14: 0 | D14: 未匹配 | E14: 0 | J14: 0 | K14: 0 | M14: 0 | N14: 0 | O14: 0 | P14: 0 | Q14: 0 | R14: 0 | S14: 0 | T14: 0 | U14: 0 | V14: 0 | W14: 0 | X14: 0 | Y14: 0 | Z14: 0 | AA14: 0 | AB14: 0 | AC14: 0 | AF14: 0 | AG14: #VALUE! | AI14: 0 | AJ14: 0 | AK14: 0 | AL14: 0 | AM14: 0 | AN14: 0 | AO14: 0 | AP14: 0 | AQ14: 0 | AR14: 0 | AS14: 0 | AT14: 0 | AU14: 0 | AV14: 0 | AW14: 0 | AX14: 0 | AY14: 0 | AZ14: 0 | BA14: 0 | BB14: 0 | BC14: 0 | BD14: 0 | BE14: 0 | BF14: 0 | BG14: 0 | BH14: 0 | BI14: 0 | BJ14: 0 | BK14: 0 | BL14: 0 | BM14: 0 | BN14: 0 | BO14: 0 | BP14: 0 | CH14: 0 | CI14: 0 | CJ14: 0 | CN14: 0 | CO14: 0 | CP14: 0 | CQ14: 0 | CR14: 0 | CS14: 0 | CT14: 0 | CU14: 0 | CV14: 0 | CW14: 0 | CX14: 0 | CY14: 0 | CZ14: 0 | DA14: 0 | DB14: 0 | DC14: 0 | DD14: 0 | DE14: 0 | DF14: 0 | DG14: 0 | DH14: 0 | DI14: 0
... A200: 00:00:00 | B200: 0 | C200: 0 | D200: 未匹配 | E200: 0 | J200: 0 | K200: 0 | M200: 0 | N200: 0 | O200: 0 | P200: 0 | Q200: 0 | R200: 0 | S200: 0 | T200: 0 | U200: 0 | V200: 0 | W200: 0 | X200: 0 | Y200: 0 | Z200: 0 | AA200: 0 | AB200: 0 | AC200: 0 | AF200: 0 | AG200: #VALUE! | AI200: 0 | AJ200: 0 | AK200: 0 | AL200: 0 | AM200: 0 | AN200: 0 | AO200: 0 | AP200: 0 | AQ200: 0 | AR200: 0 | AS200: 0 | AT200: 0 | AU200: 0 | AV200: 0 | AW200: 0 | AX200: 0 | AY200: 0 | AZ200: 0 | BA200: 0 | BB200: 0 | BC200: 0 | BD200: 0 | BE200: 0 | BF200: 0 | BG200: 0 | BH200: 0 | BI200: 0 | BJ200: 0 | BK200: 0 | BL200: 0 | BM200: 0 | BN200: 0 | BO200: 0 | BP200: 0 | CH200: 0 | CI200: 0 | CJ200: 0 | CN200: 0 | CO200: 0 | CP200: 0 | CQ200: 0 | CR200: 0 | CS200: 0 | CT200: 0 | CU200: 0 | CV200: 0 | CW200: 0 | CX200: 0 | CY200: 0 | CZ200: 0 | DA200: 0 | DB200: 0 | DC200: 0 | DD200: 0 | DE200: 0 | DF200: 0 | DG200: 0 | DH200: 0 | DI200: 0
A201: 00:00:00 | B201: 0 | C201: 0 | D201: 未匹配 | E201: 0
A202: 00:00:00 | B202: 0 | C202: 0 | D202: 未匹配 | E202: 0
A203: 00:00:00 | B203: 0 | C203: 0 | D203: 未匹配 | E203: 0
A204: 00:00:00 | B204: 0 | C204: 0 | D204: 未匹配 | E204: 0
A205: 00:00:00 | B205: 0 | C205: 0 | D205: 未匹配 | E205: 0
A206: 00:00:00 | B206: 0 | C206: 0 | D206: 未匹配 | E206: 0
A207: 00:00:00 | B207: 0 | C207: 0 | D207: 未匹配 | E207: 0
A208: 00:00:00 | B208: 0 | C208: 0 | D208: 未匹配 | E208: 0
A209: 00:00:00 | B209: 0 | C209: 0 | D209: 未匹配 | E209: 0
A210: 00:00:00 | B210: 0 | C210: 0 | D210: 未匹配 | E210: 0
A211: 00:00:00 | B211: 0 | C211: 0 | D211: 未匹配 | E211: 0
A212: 00:00:00 | B212: 0 | C212: 0 | D212: 未匹配 | E212: 0
... A5000: 00:00:00 | B5000: 0 | C5000: 0 | D5000: 未匹配 | E5000: 0

Sheet 区块划分表
A1: 自动检索区块 | B1: 固定区块 | C1: 计费区块 | D1: 序号 | G1: 内环 | H1: 外环 | I1: 环外
A2: {=_xlfn._xlws.SORT(_xlfn.UNIQUE(生鲜批次导出!H2:H5000))} -> 0 | B2: 0 | D2: =IF(ISNUMBER(SEARCH("内环",C2)),1,IF(ISNUMBER(SEARCH("外环",C2)),2,IF(ISNUMBER(SEARCH("环外",C2)),3,IF(4=4,"")))) | F2: 全职 | G2: =COUNTIFS(代码池!D:D,G$1,代码池!$E:$E,$F2) -> 0 | H2: =COUNTIFS(代码池!$D:$D,H$1,代码池!$E:$E,$F2) -> 0 | I2: =COUNTIFS(代码池!$D:$D,I$1,代码池!$E:$E,$F2) -> 0 | J2: =SUM(F2:I2) -> 0
C3: 错误 | D3: =IF(ISNUMBER(SEARCH("内环",C3)),1,IF(ISNUMBER(SEARCH("外环",C3)),2,IF(ISNUMBER(SEARCH("环外",C3)),3,IF(4=4,"")))) | F3: 盒心全职 | G3: =COUNTIFS(代码池!$D:$D,G$1,代码池!$E:$E,$F3) -> 0 | H3: =COUNTIFS(代码池!$D:$D,H$1,代码池!$E:$E,$F3) -> 0 | I3: =COUNTIFS(代码池!$D:$D,I$1,代码池!$E:$E,$F3) -> 0 | J3: =SUM(F3:I3) -> 0
D4: =IF(ISNUMBER(SEARCH("内环",C4)),1,IF(ISNUMBER(SEARCH("外环",C4)),2,IF(ISNUMBER(SEARCH("环外",C4)),3,IF(4=4,"")))) | F4: 盒心普通 | G4: =COUNTIFS(代码池!$D:$D,G$1,代码池!$E:$E,$F4) -> 0 | H4: =COUNTIFS(代码池!$D:$D,H$1,代码池!$E:$E,$F4) -> 0 | I4: =COUNTIFS(代码池!$D:$D,I$1,代码池!$E:$E,$F4) -> 0 | J4: =SUM(F4:I4) -> 0 | L4: 如果区块信息反馈错误，请自行修改区块划分表。手动标注内外环顺序以及计费标准。（默认按照区块包含“内环，外环，环外”来排序定计费标准
D5: =IF(ISNUMBER(SEARCH("内环",C5)),1,IF(ISNUMBER(SEARCH("外环",C5)),2,IF(ISNUMBER(SEARCH("环外",C5)),3,IF(4=4,"")))) | F5: 灵活 | G5: =COUNTIFS(代码池!$D:$D,G$1,代码池!$E:$E,$F5) -> 0 | H5: =COUNTIFS(代码池!$D:$D,H$1,代码池!$E:$E,$F5) -> 0 | I5: =COUNTIFS(代码池!$D:$D,I$1,代码池!$E:$E,$F5) -> 0 | J5: =SUM(F5:I5) -> 0
D6: =IF(ISNUMBER(SEARCH("内环",C6)),1,IF(ISNUMBER(SEARCH("外环",C6)),2,IF(ISNUMBER(SEARCH("环外",C6)),3,IF(4=4,"")))) | F6: 总单量 | G6: =SUM(G1:G5) -> 0 | H6: =SUM(H1:H5) -> 0 | I6: =SUM(I1:I5) -> 0 | J6: =SUM(J2:J5) -> 0
D7: =IF(ISNUMBER(SEARCH("内环",C7)),1,IF(ISNUMBER(SEARCH("外环",C7)),2,IF(ISNUMBER(SEARCH("环外",C7)),3,IF(4=4,"")))) | I7: 有效 | J7: =COUNTIF(生鲜批次导出!$H:$H,"*")-1-COUNTIF(生鲜批次导出!AB:AB,"取消配送") -> -1
D8: =IF(ISNUMBER(SEARCH("内环",C8)),1,IF(ISNUMBER(SEARCH("外环",C8)),2,IF(ISNUMBER(SEARCH("环外",C8)),3,IF(4=4,"")))) | H8: 无效占比 | J8: =(J6-J7)/J6 -> #DIV/0!
D9: =IF(ISNUMBER(SEARCH("内环",C9)),1,IF(ISNUMBER(SEARCH("外环",C9)),2,IF(ISNUMBER(SEARCH("环外",C9)),3,IF(4=4,""))))
D10: =IF(ISNUMBER(SEARCH("内环",C10)),1,IF(ISNUMBER(SEARCH("外环",C10)),2,IF(ISNUMBER(SEARCH("环外",C10)),3,IF(4=4,"")))) | G10: 内环 | H10: 外环 | I10: 环外
D11: =IF(ISNUMBER(SEARCH("内环",C11)),1,IF(ISNUMBER(SEARCH("外环",C11)),2,IF(ISNUMBER(SEARCH("环外",C11)),3,IF(4=4,"")))) | F11: 全职 | G11: =G2/G$6 -> #DIV/0! | H11: =H2/H$6 -> #DIV/0! | I11: =I2/I$6 -> #DIV/0!
D12: =IF(ISNUMBER(SEARCH("内环",C12)),1,IF(ISNUMBER(SEARCH("外环",C12)),2,IF(ISNUMBER(SEARCH("环外",C12)),3,IF(4=4,"")))) | F12: 盒心全职 | G12: =G3/G$6 -> #DIV/0! | H12: =H3/H$6 -> #DIV/0! | I12: =I3/I$6 -> #DIV/0!
D13: =IF(ISNUMBER(SEARCH("内环",C13)),1,IF(ISNUMBER(SEARCH("外环",C13)),2,IF(ISNUMBER(SEARCH("环外",C13)),3,IF(4=4,"")))) | F13: 盒心普通 | G13: =G4/G$6 -> #DIV/0! | H13: =H4/H$6 -> #DIV/0! | I13: =I4/I$6 -> #DIV/0!
D14: =IF(ISNUMBER(SEARCH("内环",C14)),1,IF(ISNUMBER(SEARCH("外环",C14)),2,IF(ISNUMBER(SEARCH("环外",C14)),3,IF(4=4,"")))) | F14: 灵活 | G14: =G5/G$6 -> #DIV/0! | H14: =H5/H$6 -> #DIV/0! | I14: =I5/I$6 -> #DIV/0!
D15: =IF(ISNUMBER(SEARCH("内环",C15)),1,IF(ISNUMBER(SEARCH("外环",C15)),2,IF(ISNUMBER(SEARCH("环外",C15)),3,IF(4=4,"")))) | F15: 各职业单量区块占比
D16: =IF(ISNUMBER(SEARCH("内环",C16)),1,IF(ISNUMBER(SEARCH("外环",C16)),2,IF(ISNUMBER(SEARCH("环外",C16)),3,IF(4=4,""))))
D17: =IF(ISNUMBER(SEARCH("内环",C17)),1,IF(ISNUMBER(SEARCH("外环",C17)),2,IF(ISNUMBER(SEARCH("环外",C17)),3,IF(4=4,""))))
D18: =IF(ISNUMBER(SEARCH("内环",C18)),1,IF(ISNUMBER(SEARCH("外环",C18)),2,IF(ISNUMBER(SEARCH("环外",C18)),3,IF(4=4,""))))
D19: =IF(ISNUMBER(SEARCH("内环",C19)),1,IF(ISNUMBER(SEARCH("外环",C19)),2,IF(ISNUMBER(SEARCH("环外",C19)),3,IF(4=4,""))))
D20: =IF(ISNUMBER(SEARCH("内环",C20)),1,IF(ISNUMBER(SEARCH("外环",C20)),2,IF(ISNUMBER(SEARCH("环外",C20)),3,IF(4=4,""))))
D21: =IF(ISNUMBER(SEARCH("内环",C21)),1,IF(ISNUMBER(SEARCH("外环",C21)),2,IF(ISNUMBER(SEARCH("环外",C21)),3,IF(4=4,""))))
D22: =IF(ISNUMBER(SEARCH("内环",C22)),1,IF(ISNUMBER(SEARCH("外环",C22)),2,IF(ISNUMBER(SEARCH("环外",C22)),3,IF(4=4,""))))
D23: =IF(ISNUMBER(SEARCH("内环",C23)),1,IF(ISNUMBER(SEARCH("外环",C23)),2,IF(ISNUMBER(SEARCH("环外",C23)),3,IF(4=4,""))))
D24: =IF(ISNUMBER(SEARCH("内环",C24)),1,IF(ISNUMBER(SEARCH("外环",C24)),2,IF(ISNUMBER(SEARCH("环外",C24)),3,IF(4=4,""))))
D25: =IF(ISNUMBER(SEARCH("内环",C25)),1,IF(ISNUMBER(SEARCH("外环",C25)),2,IF(ISNUMBER(SEARCH("环外",C25)),3,IF(4=4,""))))
D26: =IF(ISNUMBER(SEARCH("内环",C26)),1,IF(ISNUMBER(SEARCH("外环",C26)),2,IF(ISNUMBER(SEARCH("环外",C26)),3,IF(4=4,""))))
D27: =IF(ISNUMBER(SEARCH("内环",C27)),1,IF(ISNUMBER(SEARCH("外环",C27)),2,IF(ISNUMBER(SEARCH("环外",C27)),3,IF(4=4,""))))
... D50: =IF(ISNUMBER(SEARCH("内环",C50)),1,IF(ISNUMBER(SEARCH("外环",C50)),2,IF(ISNUMBER(SEARCH("环外",C50)),3,IF(4=4,""))))

Sheet 注意事项
A1: 注意事项： | F1: 调整记录
A2: 1，绿色表格纯数据摘要仅阅读（自动刷新），默认不可编辑 | F2: 2025-09-28:新增小时&半小时出勤“多时段”骑手精确显示
A3: 2，如需编辑加密区域密码：1234或空（包括这里） | C3: 目前支持 | D3: 数据上限
A4: 3，蓝色表格是数据源，需导入指定数据。详见右侧截图 | C4: 单量 | D4: 5000
A5: 4，红色代码池，非理解别动！！！！ | C5: 区块 | D5: 22
A6: 5，无论如何，不要删除单元格，请使用清空内容 | C6: 人员 | D6: 200
A7: 6，正常使用，无需解密，如运算错误，尝试F9刷新，如果还不行，那就是数据源错误，看看首行列是不是A1 | C7: 超过上述数值，需更改表格代码以做到完美支持
A9: 生鲜批次导出-总部-生鲜批次导出
A10: 数字运营台-Ctrl + A全选，仅粘贴文本
A11: 骑手排行榜-配送-数字运营台-骑手排行榜
A12: 考勤-总部-配送排班合理性分析-骑手-班次维度考勤（导出）
A13: 区块划分表：如果区块图中区块信息反馈错误，请自行修改区块划分表。手动标注内外环顺序以及计费标准。（默认按照区块包含“内环，外环，环外”来排序定计费标准
