Workbook

Sheet 预览
A1: 人员 | B1: 实时压力 | C1: =C2/C4 -> #VALUE! | D1: =D2/D4 -> #VALUE! | E1: =E2/E4 -> #VALUE! | F1: =F2/F4 -> #VALUE! | G1: =G2/G4 -> #VALUE! | H1: =H2/H4 -> #VALUE! | I1: =I2/I4 -> #VALUE! | J1: =J2/J4 -> #VALUE! | ... AF1: =AF2/AF4 -> #VALUE!
A2: 效率 | B2: 预测单量 | C2: {=_xlfn.XLOOKUP(C5:AE5,代码!AO2:AO200,代码!AP2:AP200,"")} | AF2: =_xlfn.XLOOKUP(AH5,代码!AO2:AO200,代码!AP2:AP200,"")
A3: 6 | B3: 单量负载 | C3: {=C4:AF4*$A$3} -> 0 | D3: 0 | E3: 0 | F3: 0 | G3: 0 | H3: 0 | I3: 0 | J3: 0 | K3: 0 | L3: 0 | M3: 0 | N3: 0 | O3: 0 | P3: 0 | Q3: 0 | R3: 0 | S3: 0 | T3: 0 | U3: 0 | V3: 0 | W3: 0 | X3: 0 | Y3: 0 | Z3: 0 | AA3: 0 | AB3: 0 | AC3: 0 | AD3: 0 | AE3: 0 | AF3: 0
B4: 时段出勤 | C4: {=_xlfn.BYCOL(C6:AF203,_xlfn.LAMBDA(_xlpm.col,COUNTIF(_xlpm.col,"是")))} -> 0 | D4: 0 | E4: 0 | F4: 0 | G4: 0 | H4: 0 | I4: 0 | J4: 0 | K4: 0 | L4: 0 | M4: 0 | N4: 0 | O4: 0 | P4: 0 | Q4: 0 | R4: 0 | S4: 0 | T4: 0 | U4: 0 | V4: 0 | W4: 0 | X4: 0 | Y4: 0 | Z4: 0 | AA4: 0 | AB4: 0 | AC4: 0 | AD4: 0 | AE4: 0 | AF4: 0
A5: {=_xlfn._xlws.SORT(_xlfn._xlws.FILTER(代码!E1:AJ200,LEN(代码!E1:E200)>0),1,-1)} -> 工时 | B5: 配送员姓名 | C5: 0.3125 | D5: 0.33333333 | E5: 0.35416667 | F5: 0.375 | G5: 0.39583333 | H5: 0.41666667 | I5: 0.4375 | J5: 0.45833333 | K5: 0.47916667 | L5: 0.5 | M5: 0.52083333 | N5: 0.54166667 | O5: 0.5625 | P5: 0.58333333 | Q5: 0.60416667 | R5: 0.625 | S5: 0.64583333 | T5: 0.66666667 | U5: 0.6875 | V5: 0.70833333 | W5: 0.72916667 | X5: 0.75 | Y5: 0.77083333 | Z5: 0.79166667 | AA5: 0.8125 | AB5: 0.83333333 | AC5: 0.85416667 | AD5: 0.875 | AE5: 0.89583333 | AF5: 0.90625 | AH5: 0.91666667

Sheet 考勤

Sheet 020线上单量预测

Sheet 代码
A1: 考勤骑手.配送员姓名 | B1: 配送班次.班次开始时间 | C1: 配送班次.班次结束时间 | D1: 单量 | E1: 工时 | F1: 配送员姓名 | G1: 0.3125 | H1: 0.33333333 | I1: 0.35416667 | J1: 0.375 | K1: 0.39583333 | L1: 0.41666667 | M1: 0.4375 | N1: 0.45833333 | O1: 0.47916667 | P1: 0.5 | Q1: 0.52083333 | R1: 0.54166667 | S1: 0.5625 | T1: 0.58333333 | U1: 0.60416667 | V1: 0.625 | W1: 0.64583333 | X1: 0.66666667 | Y1: 0.6875 | Z1: 0.70833333 | AA1: 0.72916667 | AB1: 0.75 | AC1: 0.77083333 | AD1: 0.79166667 | AE1: 0.8125 | AF1: 0.83333333 | AG1: 0.85416667 | AH1: 0.875 | AI1: 0.89583333 | AJ1: 0.90625 | AO1: 时间 | AP1: {=VALUE('020线上单量预测'!J1:J100)} -> 0
A2: {=_xlfn.UNIQUE(_xlfn._xlws.FILTER(考勤!L2:L500,(考勤!L2:L500<>"")*(考勤!O2:O500=0)))} -> #VALUE! | B2: {=_xlfn.BYROW(A2:A200,_xlfn.LAMBDA(_xlpm.r,IF(_xlpm.r="","",MIN(_xlfn._xlws.FILTER(TIMEVALUE(考勤!$N$2:$N$100),(考勤!$L$2:$L$100=_xlpm.r)*(考勤!$O$2:$O$100=0))))))} -> #VALUE! | C2: {=_xlfn.BYROW(A2:A200,_xlfn.LAMBDA(_xlpm.r,IF(_xlpm.r="","",MAX(_xlfn._xlws.FILTER(TIMEVALUE(考勤!$M$2:$M$100),(考勤!$L$2:$L$100=_xlpm.r)*(考勤!$O$2:$O$100=0))))))} -> #VALUE! | E2: {=_xlfn.LET(_xlpm.calc,_xlfn.BYROW(G2:AJ200,_xlfn.LAMBDA(_xlpm.row,COUNTIF(_xlpm.row,"是")/2)),IF((_xlpm.calc=0)+ISBLANK(_xlpm.calc),"",_xlpm.calc))} | F2: {=_xlfn.UNIQUE(_xlfn._xlws.FILTER(考勤!L2:L500,(考勤!L2:L500<>"")*(考勤!O2:O500=0)))} -> #VALUE! | G2: {=IF((G$1:AJ$1>=$B2:$B100)*(G$1:AJ$1<=$C2:$C100),"是","")} -> #VALUE! | H2: #VALUE! | I2: #VALUE! | J2: #VALUE! | K2: #VALUE! | L2: #VALUE! | M2: #VALUE! | N2: #VALUE! | O2: #VALUE! | P2: #VALUE! | Q2: #VALUE! | R2: #VALUE! | S2: #VALUE! | T2: #VALUE! | U2: #VALUE! | V2: #VALUE! | W2: #VALUE! | X2: #VALUE! | Y2: #VALUE! | Z2: #VALUE! | AA2: #VALUE! | AB2: #VALUE! | AC2: #VALUE! | AD2: #VALUE! | AE2: #VALUE! | AF2: #VALUE! | AG2: #VALUE! | AH2: #VALUE! | AI2: #VALUE! | AJ2: #VALUE! | AO2: {=_xlfn.BYROW('020线上单量预测'!B2:B100,_xlfn.LAMBDA(_xlpm.row,IF(_xlpm.row="","",TIMEVALUE(RIGHT(_xlpm.row,LEN(_xlpm.row)-FIND("-",_xlpm.row))))))} | AP2: 0
AP3: 0
AP4: 0
AP5: 0
AP6: 0
AP7: 0
AP8: 0
AP9: 0
AP10: 0
AP11: 0
AP12: 0
AP13: 0
AP14: 0
... AP100: 0
