Workbook

Sheet 时段出勤
A1: 压力值 | B1: 2.5 | C1: =SUM(D1:AG1) -> 0 | D1: =D2*$B$1 -> 0 | E1: =E2*$B$1 -> 0 | F1: =F2*$B$1 -> 0 | G1: =G2*$B$1 -> 0 | H1: =H2*$B$1 -> 0 | I1: =I2*$B$1 -> 0 | J1: =J2*$B$1 -> 0 | K1: =(K2*$B$1)/2 -> 0 | L1: =(L2*$B$1)/2 -> 0 | M1: =(M2*$B$1)/2 -> 0 | N1: =(N2*$B$1)/2 -> 0 | O1: =(O2*$B$1)/2 -> 0 | P1: =(P2*$B$1)/2 -> 0 | Q1: =Q2*$B$1 -> 0 | R1: =R2*$B$1 -> 0 | S1: =S2*$B$1 -> 0 | T1: =T2*$B$1 -> 0 | U1: =U2*$B$1 -> 0 | V1: =V2*$B$1 -> 0 | W1: =W2*$B$1 -> 0 | X1: =X2*$B$1 -> 0 | ... AG1: =AG2*$B$1 -> 0
A2: 45809 | C2: 时段人数 | D2: =COUNTIF(D4:D151,"是") -> 0 | E2: =COUNTIF(E4:E151,"是") -> 0 | F2: =COUNTIF(F4:F151,"是") -> 0 | G2: =COUNTIF(G4:G151,"是") -> 0 | H2: =COUNTIF(H4:H151,"是") -> 0 | I2: =COUNTIF(I4:I151,"是") -> 0 | J2: =COUNTIF(J4:J151,"是") -> 0 | K2: =COUNTIF(K4:K151,"是") -> 0 | ... AG2: =COUNTIF(AG4:AG151,"是") -> 0
A3: 排休 | B3: 出勤 | C3: 时段 | D3: 0.3125 | E3: 0.33333333 | F3: 0.35416667 | G3: 0.375 | H3: 0.39583333 | I3: 0.41666667 | J3: 0.4375 | K3: 0.45833333 | L3: 0.47916667 | M3: 0.5 | N3: 0.52083333 | O3: 0.54166667 | P3: 0.5625 | Q3: 0.58333333 | R3: 0.60416667 | S3: 0.625 | T3: 0.64583333 | U3: 0.66666667 | V3: 0.6875 | W3: 0.70833333 | X3: 0.72916667 | Y3: 0.75 | Z3: 0.77083333 | AA3: 0.79166667 | AB3: 0.8125 | AC3: 0.83333333 | AD3: 0.85416667 | AE3: 0.875 | AF3: 0.89583333 | AG3: 0.91666667
A4: {=_xlfn._xlws.FILTER(排班表!B5:B152,INDEX(排班表!C5:AG152,,MATCH(A2,排班表!C4:AG4,0))="假","无匹配")} -> 无匹配 | B4: {=_xlfn._xlws.FILTER(排班表!B5:B152,INDEX(排班表!C5:AG152,,MATCH(A2,排班表!C4:AG4,0))="是","无匹配")} -> 无匹配 | C4: =IFERROR(VLOOKUP(B4,员工信息表!N:O,2,FALSE),"") | D4: =IF(AND(D$3>=代码!$D3,D$3<=代码!$E3),"是","") | E4: =IF(AND(E$3>=代码!$D3,E$3<=代码!$E3),"是","") | F4: =IF(AND(F$3>=代码!$D3,F$3<=代码!$E3),"是","") | G4: =IF(AND(G$3>=代码!$D3,G$3<=代码!$E3),"是","") | H4: =IF(AND(H$3>=代码!$D3,H$3<=代码!$E3),"是","") | I4: =IF(AND(I$3>=代码!$D3,I$3<=代码!$E3),"是","") | J4: =IF(AND(J$3>=代码!$D3,J$3<=代码!$E3),"是","") | K4: =IF(AND(K$3>=代码!$D3,K$3<=代码!$E3),"是","") | ... AG4: =IF(AND(AG$3>=代码!$D3,AG$3<=代码!$E3),"是","")
C5: =IFERROR(VLOOKUP(B5,员工信息表!N:O,2,FALSE),"") -> 时段 | D5: =IF(AND(D$3>=代码!$D4,D$3<=代码!$E4),"是","") | E5: =IF(AND(E$3>=代码!$D4,E$3<=代码!$E4),"是","") | F5: =IF(AND(F$3>=代码!$D4,F$3<=代码!$E4),"是","") | G5: =IF(AND(G$3>=代码!$D4,G$3<=代码!$E4),"是","") | H5: =IF(AND(H$3>=代码!$D4,H$3<=代码!$E4),"是","") | I5: =IF(AND(I$3>=代码!$D4,I$3<=代码!$E4),"是","") | J5: =IF(AND(J$3>=代码!$D4,J$3<=代码!$E4),"是","") | K5: =IF(AND(K$3>=代码!$D4,K$3<=代码!$E4),"是","") | ... AG5: =IF(AND(AG$3>=代码!$D4,AG$3<=代码!$E4),"是","")
C6: =IFERROR(VLOOKUP(B6,员工信息表!N:O,2,FALSE),"") -> 时段 | D6: =IF(AND(D$3>=代码!$D5,D$3<=代码!$E5),"是","") | E6: =IF(AND(E$3>=代码!$D5,E$3<=代码!$E5),"是","") | F6: =IF(AND(F$3>=代码!$D5,F$3<=代码!$E5),"是","") | G6: =IF(AND(G$3>=代码!$D5,G$3<=代码!$E5),"是","") | H6: =IF(AND(H$3>=代码!$D5,H$3<=代码!$E5),"是","") | I6: =IF(AND(I$3>=代码!$D5,I$3<=代码!$E5),"是","") | J6: =IF(AND(J$3>=代码!$D5,J$3<=代码!$E5),"是","") | K6: =IF(AND(K$3>=代码!$D5,K$3<=代码!$E5),"是","") | ... AG6: =IF(AND(AG$3>=代码!$D5,AG$3<=代码!$E5),"是","")
C7: =IFERROR(VLOOKUP(B7,员工信息表!N:O,2,FALSE),"") -> 时段 | D7: =IF(AND(D$3>=代码!$D6,D$3<=代码!$E6),"是","") | E7: =IF(AND(E$3>=代码!$D6,E$3<=代码!$E6),"是","") | F7: =IF(AND(F$3>=代码!$D6,F$3<=代码!$E6),"是","") | G7: =IF(AND(G$3>=代码!$D6,G$3<=代码!$E6),"是","") | H7: =IF(AND(H$3>=代码!$D6,H$3<=代码!$E6),"是","") | I7: =IF(AND(I$3>=代码!$D6,I$3<=代码!$E6),"是","") | J7: =IF(AND(J$3>=代码!$D6,J$3<=代码!$E6),"是","") | K7: =IF(AND(K$3>=代码!$D6,K$3<=代码!$E6),"是","") | ... AG7: =IF(AND(AG$3>=代码!$D6,AG$3<=代码!$E6),"是","")
C8: =IFERROR(VLOOKUP(B8,员工信息表!N:O,2,FALSE),"") -> 时段 | D8: =IF(AND(D$3>=代码!$D7,D$3<=代码!$E7),"是","") | E8: =IF(AND(E$3>=代码!$D7,E$3<=代码!$E7),"是","") | F8: =IF(AND(F$3>=代码!$D7,F$3<=代码!$E7),"是","") | G8: =IF(AND(G$3>=代码!$D7,G$3<=代码!$E7),"是","") | H8: =IF(AND(H$3>=代码!$D7,H$3<=代码!$E7),"是","") | I8: =IF(AND(I$3>=代码!$D7,I$3<=代码!$E7),"是","") | J8: =IF(AND(J$3>=代码!$D7,J$3<=代码!$E7),"是","") | K8: =IF(AND(K$3>=代码!$D7,K$3<=代码!$E7),"是","") | ... AG8: =IF(AND(AG$3>=代码!$D7,AG$3<=代码!$E7),"是","")
C9: =IFERROR(VLOOKUP(B9,员工信息表!N:O,2,FALSE),"") -> 时段 | D9: =IF(AND(D$3>=代码!$D8,D$3<=代码!$E8),"是","") | E9: =IF(AND(E$3>=代码!$D8,E$3<=代码!$E8),"是","") | F9: =IF(AND(F$3>=代码!$D8,F$3<=代码!$E8),"是","") | G9: =IF(AND(G$3>=代码!$D8,G$3<=代码!$E8),"是","") | H9: =IF(AND(H$3>=代码!$D8,H$3<=代码!$E8),"是","") | I9: =IF(AND(I$3>=代码!$D8,I$3<=代码!$E8),"是","") | J9: =IF(AND(J$3>=代码!$D8,J$3<=代码!$E8),"是","") | K9: =IF(AND(K$3>=代码!$D8,K$3<=代码!$E8),"是","") | ... AG9: =IF(AND(AG$3>=代码!$D8,AG$3<=代码!$E8),"是","")
C10: =IFERROR(VLOOKUP(B10,员工信息表!N:O,2,FALSE),"") -> 时段 | D10: =IF(AND(D$3>=代码!$D9,D$3<=代码!$E9),"是","") | E10: =IF(AND(E$3>=代码!$D9,E$3<=代码!$E9),"是","") | F10: =IF(AND(F$3>=代码!$D9,F$3<=代码!$E9),"是","") | G10: =IF(AND(G$3>=代码!$D9,G$3<=代码!$E9),"是","") | H10: =IF(AND(H$3>=代码!$D9,H$3<=代码!$E9),"是","") | I10: =IF(AND(I$3>=代码!$D9,I$3<=代码!$E9),"是","") | J10: =IF(AND(J$3>=代码!$D9,J$3<=代码!$E9),"是","") | K10: =IF(AND(K$3>=代码!$D9,K$3<=代码!$E9),"是","") | ... AG10: =IF(AND(AG$3>=代码!$D9,AG$3<=代码!$E9),"是","")
C11: =IFERROR(VLOOKUP(B11,员工信息表!N:O,2,FALSE),"") -> 时段 | D11: =IF(AND(D$3>=代码!$D10,D$3<=代码!$E10),"是","") | E11: =IF(AND(E$3>=代码!$D10,E$3<=代码!$E10),"是","") | F11: =IF(AND(F$3>=代码!$D10,F$3<=代码!$E10),"是","") | G11: =IF(AND(G$3>=代码!$D10,G$3<=代码!$E10),"是","") | H11: =IF(AND(H$3>=代码!$D10,H$3<=代码!$E10),"是","") | I11: =IF(AND(I$3>=代码!$D10,I$3<=代码!$E10),"是","") | J11: =IF(AND(J$3>=代码!$D10,J$3<=代码!$E10),"是","") | K11: =IF(AND(K$3>=代码!$D10,K$3<=代码!$E10),"是","") | ... AG11: =IF(AND(AG$3>=代码!$D10,AG$3<=代码!$E10),"是","")
C12: =IFERROR(VLOOKUP(B12,员工信息表!N:O,2,FALSE),"") -> 时段 | D12: =IF(AND(D$3>=代码!$D11,D$3<=代码!$E11),"是","") | E12: =IF(AND(E$3>=代码!$D11,E$3<=代码!$E11),"是","") | F12: =IF(AND(F$3>=代码!$D11,F$3<=代码!$E11),"是","") | G12: =IF(AND(G$3>=代码!$D11,G$3<=代码!$E11),"是","") | H12: =IF(AND(H$3>=代码!$D11,H$3<=代码!$E11),"是","") | I12: =IF(AND(I$3>=代码!$D11,I$3<=代码!$E11),"是","") | J12: =IF(AND(J$3>=代码!$D11,J$3<=代码!$E11),"是","") | K12: =IF(AND(K$3>=代码!$D11,K$3<=代码!$E11),"是","") | ... AG12: =IF(AND(AG$3>=代码!$D11,AG$3<=代码!$E11),"是","")
C13: =IFERROR(VLOOKUP(B13,员工信息表!N:O,2,FALSE),"") -> 时段 | D13: =IF(AND(D$3>=代码!$D12,D$3<=代码!$E12),"是","") | E13: =IF(AND(E$3>=代码!$D12,E$3<=代码!$E12),"是","") | F13: =IF(AND(F$3>=代码!$D12,F$3<=代码!$E12),"是","") | G13: =IF(AND(G$3>=代码!$D12,G$3<=代码!$E12),"是","") | H13: =IF(AND(H$3>=代码!$D12,H$3<=代码!$E12),"是","") | I13: =IF(AND(I$3>=代码!$D12,I$3<=代码!$E12),"是","") | J13: =IF(AND(J$3>=代码!$D12,J$3<=代码!$E12),"是","") | K13: =IF(AND(K$3>=代码!$D12,K$3<=代码!$E12),"是","") | ... AG13: =IF(AND(AG$3>=代码!$D12,AG$3<=代码!$E12),"是","")
C14: =IFERROR(VLOOKUP(B14,员工信息表!N:O,2,FALSE),"") -> 时段 | D14: =IF(AND(D$3>=代码!$D13,D$3<=代码!$E13),"是","") | E14: =IF(AND(E$3>=代码!$D13,E$3<=代码!$E13),"是","") | F14: =IF(AND(F$3>=代码!$D13,F$3<=代码!$E13),"是","") | G14: =IF(AND(G$3>=代码!$D13,G$3<=代码!$E13),"是","") | H14: =IF(AND(H$3>=代码!$D13,H$3<=代码!$E13),"是","") | I14: =IF(AND(I$3>=代码!$D13,I$3<=代码!$E13),"是","") | J14: =IF(AND(J$3>=代码!$D13,J$3<=代码!$E13),"是","") | K14: =IF(AND(K$3>=代码!$D13,K$3<=代码!$E13),"是","") | ... AG14: =IF(AND(AG$3>=代码!$D13,AG$3<=代码!$E13),"是","")
C15: =IFERROR(VLOOKUP(B15,员工信息表!N:O,2,FALSE),"") -> 时段 | D15: =IF(AND(D$3>=代码!$D14,D$3<=代码!$E14),"是","") | E15: =IF(AND(E$3>=代码!$D14,E$3<=代码!$E14),"是","") | F15: =IF(AND(F$3>=代码!$D14,F$3<=代码!$E14),"是","") | G15: =IF(AND(G$3>=代码!$D14,G$3<=代码!$E14),"是","") | H15: =IF(AND(H$3>=代码!$D14,H$3<=代码!$E14),"是","") | I15: =IF(AND(I$3>=代码!$D14,I$3<=代码!$E14),"是","") | J15: =IF(AND(J$3>=代码!$D14,J$3<=代码!$E14),"是","") | K15: =IF(AND(K$3>=代码!$D14,K$3<=代码!$E14),"是","") | ... AG15: =IF(AND(AG$3>=代码!$D14,AG$3<=代码!$E14),"是","")
C16: =IFERROR(VLOOKUP(B16,员工信息表!N:O,2,FALSE),"") -> 时段 | D16: =IF(AND(D$3>=代码!$D15,D$3<=代码!$E15),"是","") | E16: =IF(AND(E$3>=代码!$D15,E$3<=代码!$E15),"是","") | F16: =IF(AND(F$3>=代码!$D15,F$3<=代码!$E15),"是","") | G16: =IF(AND(G$3>=代码!$D15,G$3<=代码!$E15),"是","") | H16: =IF(AND(H$3>=代码!$D15,H$3<=代码!$E15),"是","") | I16: =IF(AND(I$3>=代码!$D15,I$3<=代码!$E15),"是","") | J16: =IF(AND(J$3>=代码!$D15,J$3<=代码!$E15),"是","") | K16: =IF(AND(K$3>=代码!$D15,K$3<=代码!$E15),"是","") | ... AG16: =IF(AND(AG$3>=代码!$D15,AG$3<=代码!$E15),"是","")
... C100: =IFERROR(VLOOKUP(B100,员工信息表!N:O,2,FALSE),"") -> 时段 | D100: =IF(AND(D$3>=代码!$D99,D$3<=代码!$E99),"是","") | E100: =IF(AND(E$3>=代码!$D99,E$3<=代码!$E99),"是","") | F100: =IF(AND(F$3>=代码!$D99,F$3<=代码!$E99),"是","") | G100: =IF(AND(G$3>=代码!$D99,G$3<=代码!$E99),"是","") | H100: =IF(AND(H$3>=代码!$D99,H$3<=代码!$E99),"是","") | I100: =IF(AND(I$3>=代码!$D99,I$3<=代码!$E99),"是","") | J100: =IF(AND(J$3>=代码!$D99,J$3<=代码!$E99),"是","") | K100: =IF(AND(K$3>=代码!$D99,K$3<=代码!$E99),"是","") | ... AG100: =IF(AND(AG$3>=代码!$D99,AG$3<=代码!$E99),"是","")

Sheet 员工信息表
B1: 总运力 | C1: 全职 | D1: 盒心 | E1: 灵活 | F1: 空 | H1: 请假 | I1: 离职 | J1: 有工作 | K1: 支援 | L1: 自定义 | N1: {=入转离!A1:A150} -> 0 | O1: 时段 | P1: 类型 | Q1: 备注
B2: =COUNTIF(N2:N150,"*")-F2 -> 0 | C2: =COUNTIF($P:$P,C1) -> 0 | D2: =COUNTIF($P:$P,D1) -> 0 | E2: =COUNTIF($P:$P,E1) -> 0 | F2: =COUNTIF($P:$P,F1) -> 0 | H2: =COUNTIF($Q:$Q,"*"&H1&"*") -> 0 | I2: =COUNTIF($Q:$Q,"*"&I1&"*") -> 0 | J2: =COUNTIF($Q:$Q,"*"&J1&"*") -> 0 | K2: =COUNTIF($Q:$Q,"*"&K1&"*") -> 0 | L2: =COUNTIF($Q:$Q,"*"&L1&"*") -> 0 | N2: 0 | O2: {=_xlfn.XLOOKUP(1,(员工流水!$B:$B=$N2)*(员工流水!$A:$A=MAX(IF(员工流水!$B:$B=$N2,员工流水!$A:$A))),员工流水!C:C,"")} -> 0 | P2: {=_xlfn.XLOOKUP(1,(员工流水!$B:$B=$N2)*(员工流水!$A:$A=MAX(IF(员工流水!$B:$B=$N2,员工流水!$A:$A))),员工流水!D:D,"空")} -> 0 | Q2: {=_xlfn.XLOOKUP(1,(员工流水!$B:$B=$N2)*(员工流水!$A:$A=MAX(IF(员工流水!$B:$B=$N2,员工流水!$A:$A))),员工流水!E:E,"")} -> 0
B3: 全职 | H3: {=_xlfn._xlws.FILTER($N:$N,ISNUMBER(SEARCH(H1,$Q:$Q)),"未找到")} -> 未找到 | I3: {=_xlfn._xlws.FILTER($N:$N,ISNUMBER(SEARCH(I1,$Q:$Q)),"未找到")} -> 未找到 | J3: {=_xlfn._xlws.FILTER($N:$N,ISNUMBER(SEARCH(J1,$Q:$Q)),"未找到")} -> 未找到 | K3: {=_xlfn._xlws.FILTER($N:$N,ISNUMBER(SEARCH(K1,$Q:$Q)),"未找到")} -> 未找到 | L3: {=_xlfn._xlws.FILTER($N:$N,ISNUMBER(SEARCH(L1,$Q:$Q)),"未找到")} -> 未找到 | N3: 0 | O3: {=_xlfn.XLOOKUP(1,(员工流水!$B:$B=$N3)*(员工流水!$A:$A=MAX(IF(员工流水!$B:$B=$N3,员工流水!$A:$A))),员工流水!C:C,"")} -> 0 | P3: {=_xlfn.XLOOKUP(1,(员工流水!$B:$B=$N3)*(员工流水!$A:$A=MAX(IF(员工流水!$B:$B=$N3,员工流水!$A:$A))),员工流水!D:D,"空")} -> 0 | Q3: {=_xlfn.XLOOKUP(1,(员工流水!$B:$B=$N3)*(员工流水!$A:$A=MAX(IF(员工流水!$B:$B=$N3,员工流水!$A:$A))),员工流水!E:E,"")} -> 0
B4: =COUNTIF($P:$P,B3) -> 0 | N4: 0 | O4: {=_xlfn.XLOOKUP(1,(员工流水!$B:$B=$N4)*(员工流水!$A:$A=MAX(IF(员工流水!$B:$B=$N4,员工流水!$A:$A))),员工流水!C:C,"")} -> 0 | P4: {=_xlfn.XLOOKUP(1,(员工流水!$B:$B=$N4)*(员工流水!$A:$A=MAX(IF(员工流水!$B:$B=$N4,员工流水!$A:$A))),员工流水!D:D,"空")} -> 0 | Q4: {=_xlfn.XLOOKUP(1,(员工流水!$B:$B=$N4)*(员工流水!$A:$A=MAX(IF(员工流水!$B:$B=$N4,员工流水!$A:$A))),员工流水!E:E,"")} -> 0
B5: {=_xlfn._xlws.FILTER($N:$N,$P:$P=B3,"未找到")} -> 未找到 | N5: 0 | O5: {=_xlfn.XLOOKUP(1,(员工流水!$B:$B=$N5)*(员工流水!$A:$A=MAX(IF(员工流水!$B:$B=$N5,员工流水!$A:$A))),员工流水!C:C,"")} -> 0 | P5: {=_xlfn.XLOOKUP(1,(员工流水!$B:$B=$N5)*(员工流水!$A:$A=MAX(IF(员工流水!$B:$B=$N5,员工流水!$A:$A))),员工流水!D:D,"空")} -> 0 | Q5: {=_xlfn.XLOOKUP(1,(员工流水!$B:$B=$N5)*(员工流水!$A:$A=MAX(IF(员工流水!$B:$B=$N5,员工流水!$A:$A))),员工流水!E:E,"")} -> 0
N6: 0 | O6: {=_xlfn.XLOOKUP(1,(员工流水!$B:$B=$N6)*(员工流水!$A:$A=MAX(IF(员工流水!$B:$B=$N6,员工流水!$A:$A))),员工流水!C:C,"")} -> 0 | P6: {=_xlfn.XLOOKUP(1,(员工流水!$B:$B=$N6)*(员工流水!$A:$A=MAX(IF(员工流水!$B:$B=$N6,员工流水!$A:$A))),员工流水!D:D,"空")} -> 0 | Q6: {=_xlfn.XLOOKUP(1,(员工流水!$B:$B=$N6)*(员工流水!$A:$A=MAX(IF(员工流水!$B:$B=$N6,员工流水!$A:$A))),员工流水!E:E,"")} -> 0
N7: 0 | O7: {=_xlfn.XLOOKUP(1,(员工流水!$B:$B=$N7)*(员工流水!$A:$A=MAX(IF(员工流水!$B:$B=$N7,员工流水!$A:$A))),员工流水!C:C,"")} -> 0 | P7: {=_xlfn.XLOOKUP(1,(员工流水!$B:$B=$N7)*(员工流水!$A:$A=MAX(IF(员工流水!$B:$B=$N7,员工流水!$A:$A))),员工流水!D:D,"空")} -> 0 | Q7: {=_xlfn.XLOOKUP(1,(员工流水!$B:$B=$N7)*(员工流水!$A:$A=MAX(IF(员工流水!$B:$B=$N7,员工流水!$A:$A))),员工流水!E:E,"")} -> 0
N8: 0 | O8: {=_xlfn.XLOOKUP(1,(员工流水!$B:$B=$N8)*(员工流水!$A:$A=MAX(IF(员工流水!$B:$B=$N8,员工流水!$A:$A))),员工流水!C:C,"")} -> 0 | P8: {=_xlfn.XLOOKUP(1,(员工流水!$B:$B=$N8)*(员工流水!$A:$A=MAX(IF(员工流水!$B:$B=$N8,员工流水!$A:$A))),员工流水!D:D,"空")} -> 0 | Q8: {=_xlfn.XLOOKUP(1,(员工流水!$B:$B=$N8)*(员工流水!$A:$A=MAX(IF(员工流水!$B:$B=$N8,员工流水!$A:$A))),员工流水!E:E,"")} -> 0
N9: 0 | O9: {=_xlfn.XLOOKUP(1,(员工流水!$B:$B=$N9)*(员工流水!$A:$A=MAX(IF(员工流水!$B:$B=$N9,员工流水!$A:$A))),员工流水!C:C,"")} -> 0 | P9: {=_xlfn.XLOOKUP(1,(员工流水!$B:$B=$N9)*(员工流水!$A:$A=MAX(IF(员工流水!$B:$B=$N9,员工流水!$A:$A))),员工流水!D:D,"空")} -> 0 | Q9: {=_xlfn.XLOOKUP(1,(员工流水!$B:$B=$N9)*(员工流水!$A:$A=MAX(IF(员工流水!$B:$B=$N9,员工流水!$A:$A))),员工流水!E:E,"")} -> 0
N10: 0 | O10: {=_xlfn.XLOOKUP(1,(员工流水!$B:$B=$N10)*(员工流水!$A:$A=MAX(IF(员工流水!$B:$B=$N10,员工流水!$A:$A))),员工流水!C:C,"")} -> 0 | P10: {=_xlfn.XLOOKUP(1,(员工流水!$B:$B=$N10)*(员工流水!$A:$A=MAX(IF(员工流水!$B:$B=$N10,员工流水!$A:$A))),员工流水!D:D,"空")} -> 0 | Q10: {=_xlfn.XLOOKUP(1,(员工流水!$B:$B=$N10)*(员工流水!$A:$A=MAX(IF(员工流水!$B:$B=$N10,员工流水!$A:$A))),员工流水!E:E,"")} -> 0
N11: 0 | O11: {=_xlfn.XLOOKUP(1,(员工流水!$B:$B=$N11)*(员工流水!$A:$A=MAX(IF(员工流水!$B:$B=$N11,员工流水!$A:$A))),员工流水!C:C,"")} -> 0 | P11: {=_xlfn.XLOOKUP(1,(员工流水!$B:$B=$N11)*(员工流水!$A:$A=MAX(IF(员工流水!$B:$B=$N11,员工流水!$A:$A))),员工流水!D:D,"空")} -> 0 | Q11: {=_xlfn.XLOOKUP(1,(员工流水!$B:$B=$N11)*(员工流水!$A:$A=MAX(IF(员工流水!$B:$B=$N11,员工流水!$A:$A))),员工流水!E:E,"")} -> 0
N12: 0 | O12: {=_xlfn.XLOOKUP(1,(员工流水!$B:$B=$N12)*(员工流水!$A:$A=MAX(IF(员工流水!$B:$B=$N12,员工流水!$A:$A))),员工流水!C:C,"")} -> 0 | P12: {=_xlfn.XLOOKUP(1,(员工流水!$B:$B=$N12)*(员工流水!$A:$A=MAX(IF(员工流水!$B:$B=$N12,员工流水!$A:$A))),员工流水!D:D,"空")} -> 0 | Q12: {=_xlfn.XLOOKUP(1,(员工流水!$B:$B=$N12)*(员工流水!$A:$A=MAX(IF(员工流水!$B:$B=$N12,员工流水!$A:$A))),员工流水!E:E,"")} -> 0
N13: 0 | O13: {=_xlfn.XLOOKUP(1,(员工流水!$B:$B=$N13)*(员工流水!$A:$A=MAX(IF(员工流水!$B:$B=$N13,员工流水!$A:$A))),员工流水!C:C,"")} -> 0 | P13: {=_xlfn.XLOOKUP(1,(员工流水!$B:$B=$N13)*(员工流水!$A:$A=MAX(IF(员工流水!$B:$B=$N13,员工流水!$A:$A))),员工流水!D:D,"空")} -> 0 | Q13: {=_xlfn.XLOOKUP(1,(员工流水!$B:$B=$N13)*(员工流水!$A:$A=MAX(IF(员工流水!$B:$B=$N13,员工流水!$A:$A))),员工流水!E:E,"")} -> 0
N14: 0 | O14: {=_xlfn.XLOOKUP(1,(员工流水!$B:$B=$N14)*(员工流水!$A:$A=MAX(IF(员工流水!$B:$B=$N14,员工流水!$A:$A))),员工流水!C:C,"")} -> 0 | P14: {=_xlfn.XLOOKUP(1,(员工流水!$B:$B=$N14)*(员工流水!$A:$A=MAX(IF(员工流水!$B:$B=$N14,员工流水!$A:$A))),员工流水!D:D,"空")} -> 0 | Q14: {=_xlfn.XLOOKUP(1,(员工流水!$B:$B=$N14)*(员工流水!$A:$A=MAX(IF(员工流水!$B:$B=$N14,员工流水!$A:$A))),员工流水!E:E,"")} -> 0
N15: 0 | O15: {=_xlfn.XLOOKUP(1,(员工流水!$B:$B=$N15)*(员工流水!$A:$A=MAX(IF(员工流水!$B:$B=$N15,员工流水!$A:$A))),员工流水!C:C,"")} -> 0 | P15: {=_xlfn.XLOOKUP(1,(员工流水!$B:$B=$N15)*(员工流水!$A:$A=MAX(IF(员工流水!$B:$B=$N15,员工流水!$A:$A))),员工流水!D:D,"空")} -> 0 | Q15: {=_xlfn.XLOOKUP(1,(员工流水!$B:$B=$N15)*(员工流水!$A:$A=MAX(IF(员工流水!$B:$B=$N15,员工流水!$A:$A))),员工流水!E:E,"")} -> 0
N16: 0 | O16: {=_xlfn.XLOOKUP(1,(员工流水!$B:$B=$N16)*(员工流水!$A:$A=MAX(IF(员工流水!$B:$B=$N16,员工流水!$A:$A))),员工流水!C:C,"")} -> 0 | P16: {=_xlfn.XLOOKUP(1,(员工流水!$B:$B=$N16)*(员工流水!$A:$A=MAX(IF(员工流水!$B:$B=$N16,员工流水!$A:$A))),员工流水!D:D,"空")} -> 0 | Q16: {=_xlfn.XLOOKUP(1,(员工流水!$B:$B=$N16)*(员工流水!$A:$A=MAX(IF(员工流水!$B:$B=$N16,员工流水!$A:$A))),员工流水!E:E,"")} -> 0
N17: 0 | O17: {=_xlfn.XLOOKUP(1,(员工流水!$B:$B=$N17)*(员工流水!$A:$A=MAX(IF(员工流水!$B:$B=$N17,员工流水!$A:$A))),员工流水!C:C,"")} -> 0 | P17: {=_xlfn.XLOOKUP(1,(员工流水!$B:$B=$N17)*(员工流水!$A:$A=MAX(IF(员工流水!$B:$B=$N17,员工流水!$A:$A))),员工流水!D:D,"空")} -> 0 | Q17: {=_xlfn.XLOOKUP(1,(员工流水!$B:$B=$N17)*(员工流水!$A:$A=MAX(IF(员工流水!$B:$B=$N17,员工流水!$A:$A))),员工流水!E:E,"")} -> 0
... N150: 0 | O150: {=_xlfn.XLOOKUP(1,(员工流水!$B:$B=$N150)*(员工流水!$A:$A=MAX(IF(员工流水!$B:$B=$N150,员工流水!$A:$A))),员工流水!C:C,"")} -> 0 | P150: {=_xlfn.XLOOKUP(1,(员工流水!$B:$B=$N150)*(员工流水!$A:$A=MAX(IF(员工流水!$B:$B=$N150,员工流水!$A:$A))),员工流水!D:D,"空")} -> 0 | Q150: {=_xlfn.XLOOKUP(1,(员工流水!$B:$B=$N150)*(员工流水!$A:$A=MAX(IF(员工流水!$B:$B=$N150,员工流水!$A:$A))),员工流水!E:E,"")} -> 0

Sheet 员工流水
A1: 时间 | B1: 配送员 | C1: 时段 | D1: 类型 | E1: 备注 | I1: 备注标签
A2: 45857 | B2: 周嘉顺 | C2: 07:30-20:30 | D2: 全职

Sheet 排班表
A1: 2025 | B1: 休假 | C1: =COUNTIF(C5:C152,"假") -> 0 | D1: =COUNTIF(D5:D152,"假") -> 0 | E1: =COUNTIF(E5:E152,"假") -> 0 | F1: =COUNTIF(F5:F152,"假") -> 0 | G1: =COUNTIF(G5:G152,"假") -> 0 | H1: =COUNTIF(H5:H152,"假") -> 0 | I1: =COUNTIF(I5:I152,"假") -> 0 | J1: =COUNTIF(J5:J152,"假") -> 0 | ... AG1: =COUNTIF(AG5:AG152,"假") -> 0
A2: 6 | B2: 出勤人数 | C2: =COUNTIF(C5:C152,"是") -> 0 | D2: =COUNTIF(D5:D152,"是") -> 0 | E2: =COUNTIF(E5:E152,"是") -> 0 | F2: =COUNTIF(F5:F152,"是") -> 0 | G2: =COUNTIF(G5:G152,"是") -> 0 | H2: =COUNTIF(H5:H152,"是") -> 0 | I2: =COUNTIF(I5:I152,"是") -> 0 | J2: =COUNTIF(J5:J152,"是") -> 0 | ... AG2: =COUNTIF(AG5:AG152,"是") -> 0
A3: =DATE(A1,A2,1) -> 45809 | B3: 星期 | C3: =C4 -> 45809 | D3: =D4 -> 45810 | E3: =E4 -> 45811 | F3: =F4 -> 45812 | G3: =G4 -> 45813 | H3: =H4 -> 45814 | I3: =I4 -> 45815 | J3: =J4 -> 45816 | ... AG3: =AG4 -> 45839
A4: 未排班 | B4: 姓名 | C4: =A3 -> 45809 | D4: =C4+1 -> 45810 | E4: =D4+1 -> 45811 | F4: =E4+1 -> 45812 | G4: =F4+1 -> 45813 | H4: =G4+1 -> 45814 | I4: =H4+1 -> 45815 | J4: =I4+1 -> 45816 | K4: =J4+1 -> 45817 | ... AG4: =AF4+1 -> 45839
A5: {=_xlfn.UNIQUE(_xlfn.VSTACK(入转离!A2:A150,B5:B151),,TRUE)} -> #VALUE!

Sheet 入转离

Sheet 代码
C1: 是否出勤 | D1: 出勤时段拆分
C2: 是 | D2: 开始时间 | E2: 结束时间
C3: 假 | D3: =IFERROR(TIMEVALUE(LEFT(时段出勤!C4,FIND("-",时段出勤!C4)-1)),"") | E3: =IFERROR(TIMEVALUE(RIGHT(时段出勤!C4,LEN(时段出勤!C4)-FIND("-",时段出勤!C4))),"")
D4: =IFERROR(TIMEVALUE(LEFT(时段出勤!C5,FIND("-",时段出勤!C5)-1)),"") | E4: =IFERROR(TIMEVALUE(RIGHT(时段出勤!C5,LEN(时段出勤!C5)-FIND("-",时段出勤!C5))),"")
D5: =IFERROR(TIMEVALUE(LEFT(时段出勤!C6,FIND("-",时段出勤!C6)-1)),"") | E5: =IFERROR(TIMEVALUE(RIGHT(时段出勤!C6,LEN(时段出勤!C6)-FIND("-",时段出勤!C6))),"")
D6: =IFERROR(TIMEVALUE(LEFT(时段出勤!C7,FIND("-",时段出勤!C7)-1)),"") | E6: =IFERROR(TIMEVALUE(RIGHT(时段出勤!C7,LEN(时段出勤!C7)-FIND("-",时段出勤!C7))),"")
D7: =IFERROR(TIMEVALUE(LEFT(时段出勤!C8,FIND("-",时段出勤!C8)-1)),"") | E7: =IFERROR(TIMEVALUE(RIGHT(时段出勤!C8,LEN(时段出勤!C8)-FIND("-",时段出勤!C8))),"")
D8: =IFERROR(TIMEVALUE(LEFT(时段出勤!C9,FIND("-",时段出勤!C9)-1)),"") | E8: =IFERROR(TIMEVALUE(RIGHT(时段出勤!C9,LEN(时段出勤!C9)-FIND("-",时段出勤!C9))),"")
D9: =IFERROR(TIMEVALUE(LEFT(时段出勤!C10,FIND("-",时段出勤!C10)-1)),"") | E9: =IFERROR(TIMEVALUE(RIGHT(时段出勤!C10,LEN(时段出勤!C10)-FIND("-",时段出勤!C10))),"")
D10: =IFERROR(TIMEVALUE(LEFT(时段出勤!C11,FIND("-",时段出勤!C11)-1)),"") | E10: =IFERROR(TIMEVALUE(RIGHT(时段出勤!C11,LEN(时段出勤!C11)-FIND("-",时段出勤!C11))),"")
D11: =IFERROR(TIMEVALUE(LEFT(时段出勤!C12,FIND("-",时段出勤!C12)-1)),"") | E11: =IFERROR(TIMEVALUE(RIGHT(时段出勤!C12,LEN(时段出勤!C12)-FIND("-",时段出勤!C12))),"")
D12: =IFERROR(TIMEVALUE(LEFT(时段出勤!C13,FIND("-",时段出勤!C13)-1)),"") | E12: =IFERROR(TIMEVALUE(RIGHT(时段出勤!C13,LEN(时段出勤!C13)-FIND("-",时段出勤!C13))),"")
D13: =IFERROR(TIMEVALUE(LEFT(时段出勤!C14,FIND("-",时段出勤!C14)-1)),"") | E13: =IFERROR(TIMEVALUE(RIGHT(时段出勤!C14,LEN(时段出勤!C14)-FIND("-",时段出勤!C14))),"")
D14: =IFERROR(TIMEVALUE(LEFT(时段出勤!C15,FIND("-",时段出勤!C15)-1)),"") | E14: =IFERROR(TIMEVALUE(RIGHT(时段出勤!C15,LEN(时段出勤!C15)-FIND("-",时段出勤!C15))),"")
D15: =IFERROR(TIMEVALUE(LEFT(时段出勤!C16,FIND("-",时段出勤!C16)-1)),"") | E15: =IFERROR(TIMEVALUE(RIGHT(时段出勤!C16,LEN(时段出勤!C16)-FIND("-",时段出勤!C16))),"")
... D150: =IFERROR(TIMEVALUE(LEFT(时段出勤!C151,FIND("-",时段出勤!C151)-1)),"") | E150: =IFERROR(TIMEVALUE(RIGHT(时段出勤!C151,LEN(时段出勤!C151)-FIND("-",时段出勤!C151))),"")

Sheet 代码记录
A1: 时间段条件格式 | B1: AND(C$1>=$A2,C$1<=$B2)
A2: 判断是 | B2: IF(AND(C$2>=$A3, C$2<=$B3), "是", "否")
A3: 提取开始时间 | B3: IFERROR(TIMEVALUE(LEFT(B3,FIND("-",B3)-1)),"")
A4: 提取结束时间 | B4: IFERROR(TIMEVALUE(RIGHT(B3,LEN(B3)-FIND("-",B3))),"")
A5: 时段出勤人数 | B5: COUNTIF(E3:E150,"是")
A6: 获得姓名其他列 | B6: IFERROR(VLOOKUP(A3,员工分层!A:B,2,FALSE),"0")
A7: 获得出勤模版 | B7: FILTER(Sheet1!A2:A100,INDEX(Sheet1!B2:J100,,MATCH(Sheet2!A1,Sheet1!B1:J1,0))="是","无匹配结果")
A8: 获得出勤名单 | B8: FILTER(排班表!A3:A150,INDEX(排班表!B3:AF150,,MATCH(A1,排班表!B2:AF2,0))="是","无匹配结果")
A9: 获得最新员工数据 | B9: XLOOKUP(1,(员工流水!$B:$B=$A2)*(员工流水!$A:$A=MAX(IF(员工流水!$B:$B=$A2,员工流水!$A:$A))),员工流水!C:C,"未知")
A10: 提取AB两列唯一值 | B10: UNIQUE(VSTACK(入转离!A2:A150,B4:B150),,TRUE)

Sheet 使用说明
A1: 1 | B1: 所有加密1234密码仅防止误操作，防呆加密
A2: 2 | B2: 支持排班表，员工信息，时段热力图，未排班明细等
